{
	"credit": "Made with Blockbench",
	"textures": {
		"0": "custom/smajorspecial",
		"particle": "custom/smajorspecial"
	},
	"elements": [
		{
			"from": [2.5, -16, 5.5],
			"to": [7.5, -7, 10.5],
			"faces": {
				"north": {"uv": [6, 6, 11, 15], "texture": "#0"},
				"east": {"uv": [6, 6, 11, 15], "texture": "#0"},
				"south": {"uv": [0, 6, 5, 15], "texture": "#0"},
				"west": {"uv": [6, 6, 11, 15], "texture": "#0"},
				"up": {"uv": [6, 6, 11, 7], "texture": "#0"},
				"down": {"uv": [6, 14, 11, 15], "texture": "#0"}
			}
		},
		{
			"from": [3.5, -7, 6.5],
			"to": [6.5, -2, 9.5],
			"faces": {
				"north": {"uv": [4, 1, 3, 6], "texture": "#0"},
				"east": {"uv": [4, 1, 3, 6], "texture": "#0"},
				"south": {"uv": [1, 1, 4, 6], "texture": "#0"},
				"west": {"uv": [4, 1, 1, 6], "texture": "#0"},
				"up": {"uv": [1, 1, 4, 2], "texture": "#0"},
				"down": {"uv": [0, 0, 3, 3], "texture": "#missing"}
			}
		},
		{
			"from": [8.5, -16, 3.5],
			"to": [13.5, -7, 8.5],
			"rotation": {"angle": -22.5, "axis": "y", "origin": [11, 1, 8]},
			"faces": {
				"north": {"uv": [6, 6, 11, 15], "texture": "#0"},
				"east": {"uv": [6, 6, 11, 15], "texture": "#0"},
				"south": {"uv": [0, 6, 5, 15], "texture": "#0"},
				"west": {"uv": [6, 6, 11, 15], "texture": "#0"},
				"up": {"uv": [6, 6, 11, 7], "texture": "#0"},
				"down": {"uv": [6, 14, 11, 15], "texture": "#0"}
			}
		},
		{
			"from": [9.5, -7, 4.5],
			"to": [12.5, -2, 7.5],
			"rotation": {"angle": -22.5, "axis": "y", "origin": [11, 1, 8]},
			"faces": {
				"north": {"uv": [4, 1, 3, 6], "texture": "#0"},
				"east": {"uv": [4, 1, 3, 6], "texture": "#0"},
				"south": {"uv": [1, 1, 4, 6], "texture": "#0"},
				"west": {"uv": [4, 1, 1, 6], "texture": "#0"},
				"up": {"uv": [1, 1, 4, 2], "texture": "#0"},
				"down": {"uv": [0, 0, 3, 3], "texture": "#missing"}
			}
		}
	],
	"display": {
		"thirdperson_righthand": {
			"rotation": [55, 0, 0],
			"translation": [0, -0.25, -0.5],
			"scale": [0.5, 0.5, 0.5]
		},
		"thirdperson_lefthand": {
			"rotation": [55, 0, 0],
			"translation": [0, -0.25, -0.5],
			"scale": [0.5, 0.5, 0.5]
		},
		"firstperson_righthand": {
			"translation": [0, 5, 0]
		},
		"firstperson_lefthand": {
			"translation": [0, 5, 0]
		},
		"ground": {
			"translation": [0, 4.25, 0]
		},
		"gui": {
			"rotation": [0, 0, 27],
			"translation": [-0.5, 1.25, 0]
		},
		"fixed": {
			"rotation": [0, -180, 26],
			"translation": [0.75, 0.75, 0]
		}
	}
}