{
	"credit": "Made with Blockbench",
	"ambientocclusion": false,
	"textures": {
		"0": "custom/journal",
		"particle": "custom/journal"
	},
	"elements": [
		{
			"from": [-3, 0, 5],
			"to": [13, 0.125, 17],
			"rotation": {"angle": 22.5, "axis": "y", "origin": [0, 0, 0]},
			"faces": {
				"north": {"uv": [0, 0, 0.03125, 9.59375], "texture": "#0"},
				"east": {"uv": [0, 0, 7.46875, 0.1875], "texture": "#0"},
				"south": {"uv": [0, 0, 0.03125, 9.59375], "texture": "#0"},
				"west": {"uv": [0, 9.09375, 7.46875, 9.5], "texture": "#0"},
				"up": {"uv": [0, 0, 7.5625, 9.625], "rotation": 90, "texture": "#0"},
				"down": {"uv": [0, 0, 7.5625, 9.625], "rotation": 90, "texture": "#0"}
			}
		}
	]
}