{
	"credit": "Made with Blockbench",
	"textures": {
		"0": "block/dark_oak_planks",
		"1": "custom/bday",
		"2": "block/f1_side",
		"particle": "block/dark_oak_planks"
	},
	"elements": [
		{
			"from": [-16, 16.01, -16],
			"to": [32, 16.01, 32],
			"faces": {
				"north": {"uv": [0, 0, 16, 0], "texture": "#missing"},
				"east": {"uv": [0, 0, 16, 0], "texture": "#missing"},
				"south": {"uv": [0, 0, 16, 0], "texture": "#missing"},
				"west": {"uv": [0, 0, 16, 0], "texture": "#missing"},
				"up": {"uv": [0, 0, 11.75, 11.5], "texture": "#1"},
				"down": {"uv": [0, 0, 11.75, 11.5], "texture": "#1"}
			}
		},
		{
			"from": [-16, 9, -16],
			"to": [-16, 16, 32],
			"faces": {
				"north": {"uv": [0, 0, 16, 0], "texture": "#missing"},
				"east": {"uv": [0, 0, 11.75, 1.75], "texture": "#1"},
				"south": {"uv": [0, 0, 16, 0], "texture": "#missing"},
				"west": {"uv": [0, 0, 11.75, 1.75], "texture": "#1"},
				"up": {"uv": [0, 0, 11.75, 11.5], "texture": "#1"},
				"down": {"uv": [0, 0, 11.75, 11.5], "texture": "#1"}
			}
		},
		{
			"from": [-16, 8, -16],
			"to": [-16, 9, 0],
			"faces": {
				"north": {"uv": [0, 0, 16, 0], "texture": "#missing"},
				"east": {"uv": [0, 1.75, 3.5, 2], "texture": "#1"},
				"south": {"uv": [0, 0, 16, 0], "texture": "#missing"},
				"west": {"uv": [0, 1.75, 3.5, 2], "texture": "#1"},
				"up": {"uv": [0, 0, 11.75, 11.5], "texture": "#1"},
				"down": {"uv": [0, 0, 11.75, 11.5], "texture": "#1"}
			}
		},
		{
			"from": [-16, 7, -16],
			"to": [-16, 8, -8],
			"faces": {
				"north": {"uv": [0, 0, 16, 0], "texture": "#missing"},
				"east": {"uv": [0, 2, 1.75, 2.25], "texture": "#1"},
				"south": {"uv": [0, 0, 16, 0], "texture": "#missing"},
				"west": {"uv": [0, 2, 1.75, 2.25], "texture": "#1"},
				"up": {"uv": [0, 0, 11.75, 11.5], "texture": "#1"},
				"down": {"uv": [0, 0, 11.75, 11.5], "texture": "#1"}
			}
		},
		{
			"from": [-16, 8, 16],
			"to": [-16, 9, 32],
			"faces": {
				"north": {"uv": [0, 0, 16, 0], "texture": "#missing"},
				"east": {"uv": [0.25, 1.75, 3.75, 2], "texture": "#1"},
				"south": {"uv": [0, 0, 16, 0], "texture": "#missing"},
				"west": {"uv": [0.25, 1.75, 3.75, 2], "texture": "#1"},
				"up": {"uv": [0, 0, 11.75, 11.5], "texture": "#1"},
				"down": {"uv": [0, 0, 11.75, 11.5], "texture": "#1"}
			}
		},
		{
			"from": [-16, 7, 24],
			"to": [-16, 8, 32],
			"faces": {
				"north": {"uv": [0, 0, 16, 0], "texture": "#missing"},
				"east": {"uv": [0.5, 2, 2.25, 2.25], "texture": "#1"},
				"south": {"uv": [0, 0, 16, 0], "texture": "#missing"},
				"west": {"uv": [0.5, 2, 2.25, 2.25], "texture": "#1"},
				"up": {"uv": [0, 0, 11.75, 11.5], "texture": "#1"},
				"down": {"uv": [0, 0, 11.75, 11.5], "texture": "#1"}
			}
		},
		{
			"from": [32, 7, 24],
			"to": [32, 8, 32],
			"faces": {
				"north": {"uv": [0, 0, 16, 0], "texture": "#missing"},
				"east": {"uv": [0.5, 2, 2.25, 2.25], "texture": "#1"},
				"south": {"uv": [0, 0, 16, 0], "texture": "#missing"},
				"west": {"uv": [0.5, 2, 2.25, 2.25], "texture": "#1"},
				"up": {"uv": [0, 0, 11.75, 11.5], "texture": "#1"},
				"down": {"uv": [0, 0, 11.75, 11.5], "texture": "#1"}
			}
		},
		{
			"from": [32, 8, 16],
			"to": [32, 9, 32],
			"faces": {
				"north": {"uv": [0, 0, 16, 0], "texture": "#missing"},
				"east": {"uv": [0.25, 1.75, 3.75, 2], "texture": "#1"},
				"south": {"uv": [0, 0, 16, 0], "texture": "#missing"},
				"west": {"uv": [0.25, 1.75, 3.75, 2], "texture": "#1"},
				"up": {"uv": [0, 0, 11.75, 11.5], "texture": "#1"},
				"down": {"uv": [0, 0, 11.75, 11.5], "texture": "#1"}
			}
		},
		{
			"from": [32, 8, -16],
			"to": [32, 9, 0],
			"faces": {
				"north": {"uv": [0, 0, 16, 0], "texture": "#missing"},
				"east": {"uv": [0, 1.75, 3.5, 2], "texture": "#1"},
				"south": {"uv": [0, 0, 16, 0], "texture": "#missing"},
				"west": {"uv": [0, 1.75, 3.5, 2], "texture": "#1"},
				"up": {"uv": [0, 0, 11.75, 11.5], "texture": "#1"},
				"down": {"uv": [0, 0, 11.75, 11.5], "texture": "#1"}
			}
		},
		{
			"from": [32, 7, -16],
			"to": [32, 8, -8],
			"faces": {
				"north": {"uv": [0, 0, 16, 0], "texture": "#missing"},
				"east": {"uv": [0, 2, 1.75, 2.25], "texture": "#1"},
				"south": {"uv": [0, 0, 16, 0], "texture": "#missing"},
				"west": {"uv": [0, 2, 1.75, 2.25], "texture": "#1"},
				"up": {"uv": [0, 0, 11.75, 11.5], "texture": "#1"},
				"down": {"uv": [0, 0, 11.75, 11.5], "texture": "#1"}
			}
		},
		{
			"from": [32, 9, -16],
			"to": [32, 16, 32],
			"faces": {
				"north": {"uv": [0, 0, 16, 0], "texture": "#missing"},
				"east": {"uv": [0, 0, 11.75, 1.75], "texture": "#1"},
				"south": {"uv": [0, 0, 16, 0], "texture": "#missing"},
				"west": {"uv": [0, 0, 11.75, 1.75], "texture": "#1"},
				"up": {"uv": [0, 0, 11.75, 11.5], "texture": "#1"},
				"down": {"uv": [0, 0, 11.75, 11.5], "texture": "#1"}
			}
		},
		{
			"from": [24, 7, -16],
			"to": [32, 8, -16],
			"faces": {
				"north": {"uv": [0.5, 2, 2.25, 2.25], "texture": "#1"},
				"east": {"uv": [0, 0, 16, 0], "texture": "#missing"},
				"south": {"uv": [0.5, 2, 2.25, 2.25], "texture": "#1"},
				"west": {"uv": [0, 0, 16, 0], "texture": "#missing"},
				"up": {"uv": [0, 0, 11.75, 11.5], "rotation": 270, "texture": "#1"},
				"down": {"uv": [0, 0, 11.75, 11.5], "rotation": 90, "texture": "#1"}
			}
		},
		{
			"from": [16, 8, -16],
			"to": [32, 9, -16],
			"faces": {
				"north": {"uv": [0.25, 1.75, 3.75, 2], "texture": "#1"},
				"east": {"uv": [0, 0, 16, 0], "texture": "#missing"},
				"south": {"uv": [0.25, 1.75, 3.75, 2], "texture": "#1"},
				"west": {"uv": [0, 0, 16, 0], "texture": "#missing"},
				"up": {"uv": [0, 0, 11.75, 11.5], "rotation": 270, "texture": "#1"},
				"down": {"uv": [0, 0, 11.75, 11.5], "rotation": 90, "texture": "#1"}
			}
		},
		{
			"from": [-16, 8, -16],
			"to": [0, 9, -16],
			"faces": {
				"north": {"uv": [0, 1.75, 3.5, 2], "texture": "#1"},
				"east": {"uv": [0, 0, 16, 0], "texture": "#missing"},
				"south": {"uv": [0, 1.75, 3.5, 2], "texture": "#1"},
				"west": {"uv": [0, 0, 16, 0], "texture": "#missing"},
				"up": {"uv": [0, 0, 11.75, 11.5], "rotation": 270, "texture": "#1"},
				"down": {"uv": [0, 0, 11.75, 11.5], "rotation": 90, "texture": "#1"}
			}
		},
		{
			"from": [-16, 7, -16],
			"to": [-8, 8, -16],
			"faces": {
				"north": {"uv": [0, 2, 1.75, 2.25], "texture": "#1"},
				"east": {"uv": [0, 0, 16, 0], "texture": "#missing"},
				"south": {"uv": [0, 2, 1.75, 2.25], "texture": "#1"},
				"west": {"uv": [0, 0, 16, 0], "texture": "#missing"},
				"up": {"uv": [0, 0, 11.75, 11.5], "rotation": 270, "texture": "#1"},
				"down": {"uv": [0, 0, 11.75, 11.5], "rotation": 90, "texture": "#1"}
			}
		},
		{
			"from": [-16, 9, -16],
			"to": [32, 16, -16],
			"faces": {
				"north": {"uv": [0, 0, 11.75, 1.75], "texture": "#1"},
				"east": {"uv": [0, 0, 16, 0], "texture": "#missing"},
				"south": {"uv": [0, 0, 11.75, 1.75], "texture": "#1"},
				"west": {"uv": [0, 0, 16, 0], "texture": "#missing"},
				"up": {"uv": [0, 0, 11.75, 11.5], "rotation": 270, "texture": "#1"},
				"down": {"uv": [0, 0, 11.75, 11.5], "rotation": 90, "texture": "#1"}
			}
		},
		{
			"from": [24, 7, 32],
			"to": [32, 8, 32],
			"faces": {
				"north": {"uv": [0.5, 2, 2.25, 2.25], "texture": "#1"},
				"east": {"uv": [0, 0, 16, 0], "texture": "#missing"},
				"south": {"uv": [0.5, 2, 2.25, 2.25], "texture": "#1"},
				"west": {"uv": [0, 0, 16, 0], "texture": "#missing"},
				"up": {"uv": [0, 0, 11.75, 11.5], "rotation": 270, "texture": "#1"},
				"down": {"uv": [0, 0, 11.75, 11.5], "rotation": 90, "texture": "#1"}
			}
		},
		{
			"from": [16, 8, 32],
			"to": [32, 9, 32],
			"faces": {
				"north": {"uv": [0.25, 1.75, 3.75, 2], "texture": "#1"},
				"east": {"uv": [0, 0, 16, 0], "texture": "#missing"},
				"south": {"uv": [0.25, 1.75, 3.75, 2], "texture": "#1"},
				"west": {"uv": [0, 0, 16, 0], "texture": "#missing"},
				"up": {"uv": [0, 0, 11.75, 11.5], "rotation": 270, "texture": "#1"},
				"down": {"uv": [0, 0, 11.75, 11.5], "rotation": 90, "texture": "#1"}
			}
		},
		{
			"from": [-16, 8, 32],
			"to": [0, 9, 32],
			"faces": {
				"north": {"uv": [0, 1.75, 3.5, 2], "texture": "#1"},
				"east": {"uv": [0, 0, 16, 0], "texture": "#missing"},
				"south": {"uv": [0, 1.75, 3.5, 2], "texture": "#1"},
				"west": {"uv": [0, 0, 16, 0], "texture": "#missing"},
				"up": {"uv": [0, 0, 11.75, 11.5], "rotation": 270, "texture": "#1"},
				"down": {"uv": [0, 0, 11.75, 11.5], "rotation": 90, "texture": "#1"}
			}
		},
		{
			"from": [-16, 7, 32],
			"to": [-8, 8, 32],
			"faces": {
				"north": {"uv": [0, 2, 1.75, 2.25], "texture": "#1"},
				"east": {"uv": [0, 0, 16, 0], "texture": "#missing"},
				"south": {"uv": [0, 2, 1.75, 2.25], "texture": "#1"},
				"west": {"uv": [0, 0, 16, 0], "texture": "#missing"},
				"up": {"uv": [0, 0, 11.75, 11.5], "rotation": 270, "texture": "#1"},
				"down": {"uv": [0, 0, 11.75, 11.5], "rotation": 90, "texture": "#1"}
			}
		},
		{
			"from": [-16, 9, 32],
			"to": [32, 16, 32],
			"faces": {
				"north": {"uv": [0, 0, 11.75, 1.75], "texture": "#1"},
				"east": {"uv": [0, 0, 16, 0], "texture": "#missing"},
				"south": {"uv": [0, 0, 11.75, 1.75], "texture": "#1"},
				"west": {"uv": [0, 0, 16, 0], "texture": "#missing"},
				"up": {"uv": [0, 0, 11.75, 11.5], "rotation": 270, "texture": "#1"},
				"down": {"uv": [0, 0, 11.75, 11.5], "rotation": 90, "texture": "#1"}
			}
		},
		{
			"from": [-15.975, 13, -15.975],
			"to": [0.025, 16, 0.025],
			"faces": {
				"north": {"uv": [0, 0, 16, 3], "texture": "#0"},
				"east": {"uv": [0, 0, 16, 3], "texture": "#0"},
				"south": {"uv": [0, 0, 16, 3], "texture": "#0"},
				"west": {"uv": [0, 0, 16, 3], "texture": "#0"},
				"up": {"uv": [0, 0, 16, 16], "texture": "#missing"},
				"down": {"uv": [0, 0, 16, 16], "texture": "#0"}
			}
		},
		{
			"from": [-15.975, 13, 0],
			"to": [0.025, 16, 16],
			"faces": {
				"north": {"uv": [0, 0, 16, 3], "texture": "#0"},
				"east": {"uv": [0, 0, 16, 3], "texture": "#0"},
				"south": {"uv": [0, 0, 16, 3], "texture": "#0"},
				"west": {"uv": [0, 0, 16, 3], "texture": "#0"},
				"up": {"uv": [0, 0, 16, 16], "texture": "#missing"},
				"down": {"uv": [0, 0, 16, 16], "texture": "#0"}
			}
		},
		{
			"from": [-15.975, 13, 15.95],
			"to": [0.025, 16, 31.95],
			"faces": {
				"north": {"uv": [0, 0, 16, 3], "texture": "#0"},
				"east": {"uv": [0, 0, 16, 3], "texture": "#0"},
				"south": {"uv": [0, 0, 16, 3], "texture": "#0"},
				"west": {"uv": [0, 0, 16, 3], "texture": "#0"},
				"up": {"uv": [0, 0, 16, 16], "texture": "#missing"},
				"down": {"uv": [0, 0, 16, 16], "texture": "#0"}
			}
		},
		{
			"from": [0, 13, 15.95],
			"to": [16, 16, 31.95],
			"faces": {
				"north": {"uv": [0, 0, 16, 3], "texture": "#0"},
				"east": {"uv": [0, 0, 16, 3], "texture": "#0"},
				"south": {"uv": [0, 0, 16, 3], "texture": "#0"},
				"west": {"uv": [0, 0, 16, 3], "texture": "#0"},
				"up": {"uv": [0, 0, 16, 16], "texture": "#missing"},
				"down": {"uv": [0, 0, 16, 16], "texture": "#0"}
			}
		},
		{
			"from": [15.975, 13, 15.95],
			"to": [31.975, 16, 31.95],
			"faces": {
				"north": {"uv": [0, 0, 16, 3], "texture": "#0"},
				"east": {"uv": [0, 0, 16, 3], "texture": "#0"},
				"south": {"uv": [0, 0, 16, 3], "texture": "#0"},
				"west": {"uv": [0, 0, 16, 3], "texture": "#0"},
				"up": {"uv": [0, 0, 16, 16], "texture": "#missing"},
				"down": {"uv": [0, 0, 16, 16], "texture": "#0"}
			}
		},
		{
			"from": [15.975, 13, 0],
			"to": [31.975, 16, 16],
			"faces": {
				"north": {"uv": [0, 0, 16, 3], "texture": "#0"},
				"east": {"uv": [0, 0, 16, 3], "texture": "#0"},
				"south": {"uv": [0, 0, 16, 3], "texture": "#0"},
				"west": {"uv": [0, 0, 16, 3], "texture": "#0"},
				"up": {"uv": [0, 0, 16, 16], "texture": "#missing"},
				"down": {"uv": [0, 0, 16, 16], "texture": "#0"}
			}
		},
		{
			"from": [15.975, 13, -15.975],
			"to": [31.975, 16, 0.025],
			"faces": {
				"north": {"uv": [0, 0, 16, 3], "texture": "#0"},
				"east": {"uv": [0, 0, 16, 3], "texture": "#0"},
				"south": {"uv": [0, 0, 16, 3], "texture": "#0"},
				"west": {"uv": [0, 0, 16, 3], "texture": "#0"},
				"up": {"uv": [0, 0, 16, 16], "texture": "#missing"},
				"down": {"uv": [0, 0, 16, 16], "texture": "#0"}
			}
		},
		{
			"from": [0, 13, -15.975],
			"to": [16, 16, 0.025],
			"faces": {
				"north": {"uv": [0, 0, 16, 3], "texture": "#0"},
				"east": {"uv": [0, 0, 16, 3], "texture": "#0"},
				"south": {"uv": [0, 0, 16, 3], "texture": "#0"},
				"west": {"uv": [0, 0, 16, 3], "texture": "#0"},
				"up": {"uv": [0, 0, 16, 16], "texture": "#missing"},
				"down": {"uv": [0, 0, 16, 16], "texture": "#0"}
			}
		},
		{
			"from": [0, -3, 0],
			"to": [16, 0, 16],
			"faces": {
				"north": {"uv": [0, 0, 16, 16], "texture": "#2"},
				"east": {"uv": [0, 0, 16, 16], "texture": "#2"},
				"south": {"uv": [0, 0, 16, 16], "texture": "#2"},
				"west": {"uv": [0, 0, 16, 16], "texture": "#2"},
				"up": {"uv": [0, 0, 16, 16], "texture": "#2"},
				"down": {"uv": [0, 0, 16, 16], "texture": "#2"}
			}
		},
		{
			"from": [0, 13, 0],
			"to": [16, 16, 16],
			"faces": {
				"north": {"uv": [0, 0, 16, 3], "texture": "#0"},
				"east": {"uv": [0, 0, 16, 3], "texture": "#0"},
				"south": {"uv": [0, 0, 16, 3], "texture": "#0"},
				"west": {"uv": [0, 0, 16, 3], "texture": "#0"},
				"up": {"uv": [0, 0, 16, 16], "texture": "#missing"},
				"down": {"uv": [0, 0, 16, 16], "texture": "#0"}
			}
		},
		{
			"from": [-15.975, 0, -15.975],
			"to": [-11.975, 13, -11.975],
			"faces": {
				"north": {"uv": [0, 0, 4, 13], "texture": "#0"},
				"east": {"uv": [0, 0, 4, 13], "texture": "#0"},
				"south": {"uv": [0, 0, 4, 13], "texture": "#0"},
				"west": {"uv": [0, 0, 4, 13], "texture": "#0"},
				"up": {"uv": [0, 0, 4, 4], "texture": "#missing"},
				"down": {"uv": [0, 0, 4, 4], "texture": "#missing"}
			}
		},
		{
			"from": [-15.975, 0, 27.975],
			"to": [-11.975, 13, 31.975],
			"faces": {
				"north": {"uv": [0, 0, 4, 13], "texture": "#0"},
				"east": {"uv": [0, 0, 4, 13], "texture": "#0"},
				"south": {"uv": [0, 0, 4, 13], "texture": "#0"},
				"west": {"uv": [0, 0, 4, 13], "texture": "#0"},
				"up": {"uv": [0, 0, 4, 4], "texture": "#missing"},
				"down": {"uv": [0, 0, 4, 4], "texture": "#missing"}
			}
		},
		{
			"from": [27.975, 0, 27.975],
			"to": [31.975, 13, 31.975],
			"faces": {
				"north": {"uv": [0, 0, 4, 13], "texture": "#0"},
				"east": {"uv": [0, 0, 4, 13], "texture": "#0"},
				"south": {"uv": [0, 0, 4, 13], "texture": "#0"},
				"west": {"uv": [0, 0, 4, 13], "texture": "#0"},
				"up": {"uv": [0, 0, 4, 4], "texture": "#missing"},
				"down": {"uv": [0, 0, 4, 4], "texture": "#missing"}
			}
		},
		{
			"from": [27.975, 0, -15.975],
			"to": [31.975, 13, -11.975],
			"faces": {
				"north": {"uv": [0, 0, 4, 13], "texture": "#0"},
				"east": {"uv": [0, 0, 4, 13], "texture": "#0"},
				"south": {"uv": [0, 0, 4, 13], "texture": "#0"},
				"west": {"uv": [0, 0, 4, 13], "texture": "#0"},
				"up": {"uv": [0, 0, 4, 4], "texture": "#missing"},
				"down": {"uv": [0, 0, 4, 4], "texture": "#missing"}
			}
		},
		{
			"from": [-10, 17, -9],
			"to": [2, 22, 7],
			"rotation": {"angle": 0, "axis": "y", "origin": [-10, 1, -9]},
			"faces": {
				"north": {"uv": [1, 13.5, 3.75, 14.75], "texture": "#1"},
				"east": {"uv": [0, 12, 3.75, 13.25], "texture": "#1"},
				"south": {"uv": [0, 13.5, 3.75, 14.75], "texture": "#1"},
				"west": {"uv": [0, 13.5, 2.75, 14.75], "texture": "#1"},
				"up": {"uv": [4, 12, 8, 16], "texture": "#1"},
				"down": {"uv": [0, 0, 16, 16], "texture": "#missing"}
			}
		},
		{
			"from": [2, 17, -9],
			"to": [6, 22, 3],
			"rotation": {"angle": 0, "axis": "y", "origin": [-10, 1, -9]},
			"faces": {
				"north": {"uv": [0, 13.5, 1, 14.75], "texture": "#1"},
				"east": {"uv": [1, 13.5, 3.75, 14.75], "texture": "#1"},
				"south": {"uv": [0, 12, 3.75, 13.25], "texture": "#1"},
				"west": {"uv": [0, 13.5, 2.75, 14.75], "texture": "#1"},
				"up": {"uv": [4, 12, 8, 16], "texture": "#1"},
				"down": {"uv": [0, 0, 16, 16], "texture": "#missing"}
			}
		},
		{
			"from": [-5, 17, 13.25],
			"to": [-1, 22, 17.25],
			"rotation": {"angle": 22.5, "axis": "y", "origin": [-10, 1, -9]},
			"faces": {
				"north": {"uv": [0, 12, 3.75, 13.25], "texture": "#1"},
				"east": {"uv": [0, 13.5, 1.25, 14.75], "texture": "#1"},
				"south": {"uv": [2.5, 13.5, 3.75, 14.75], "texture": "#1"},
				"west": {"uv": [0, 12, 3.75, 13.25], "texture": "#1"},
				"up": {"uv": [4, 12, 8, 16], "texture": "#1"},
				"down": {"uv": [0, 0, 16, 16], "texture": "#missing"}
			}
		},
		{
			"from": [-7, 22, -9.25],
			"to": [-5, 27, -9.25],
			"rotation": {"angle": 45, "axis": "y", "origin": [-5, 1, -5]},
			"faces": {
				"north": {"uv": [8.75, 13.5, 9.25, 14.75], "texture": "#1"},
				"east": {"uv": [8.75, 13.5, 9.25, 14.75], "texture": "#1"},
				"south": {"uv": [8.75, 13.5, 9.25, 14.75], "texture": "#1"},
				"west": {"uv": [8.75, 13.5, 9.25, 14.75], "texture": "#1"},
				"up": {"uv": [8.75, 13.5, 9.25, 14.75], "rotation": 270, "texture": "#1"},
				"down": {"uv": [8.75, 13.5, 9.25, 14.75], "rotation": 90, "texture": "#1"}
			}
		},
		{
			"from": [-6, 22, -10.25],
			"to": [-6, 27, -8.25],
			"rotation": {"angle": 45, "axis": "y", "origin": [-5, 1, -5]},
			"faces": {
				"north": {"uv": [8.75, 13.5, 9.25, 14.75], "texture": "#1"},
				"east": {"uv": [8.75, 13.5, 9.25, 14.75], "texture": "#1"},
				"south": {"uv": [8.75, 13.5, 9.25, 14.75], "texture": "#1"},
				"west": {"uv": [8.75, 13.5, 9.25, 14.75], "texture": "#1"},
				"up": {"uv": [8.75, 13.5, 9.25, 14.75], "texture": "#1"},
				"down": {"uv": [8.75, 13.5, 9.25, 14.75], "texture": "#1"}
			}
		},
		{
			"from": [-6, 27, -8.75],
			"to": [-6, 28, -9.75],
			"rotation": {"angle": 45, "axis": "y", "origin": [-5, 1, -5]},
			"faces": {
				"north": {"uv": [9, 13, 9.25, 13.25], "texture": "#1"},
				"east": {"uv": [9, 13, 9.25, 13.25], "texture": "#1"},
				"south": {"uv": [9, 13, 9.25, 13.25], "texture": "#1"},
				"west": {"uv": [9, 13, 9.25, 13.25], "texture": "#1"},
				"up": {"uv": [9, 13, 9.25, 13.25], "texture": "#1"},
				"down": {"uv": [9, 13, 9.25, 13.25], "texture": "#1"}
			}
		},
		{
			"from": [-6.5, 27, -9.25],
			"to": [-5.5, 28, -9.25],
			"rotation": {"angle": 45, "axis": "y", "origin": [-5, 1, -5]},
			"faces": {
				"north": {"uv": [9, 13, 9.25, 13.25], "texture": "#1"},
				"east": {"uv": [9, 13, 9.25, 13.25], "texture": "#1"},
				"south": {"uv": [9, 13, 9.25, 13.25], "texture": "#1"},
				"west": {"uv": [9, 13, 9.25, 13.25], "texture": "#1"},
				"up": {"uv": [9, 13, 9.25, 13.25], "texture": "#1"},
				"down": {"uv": [9, 13, 9.25, 13.25], "texture": "#1"}
			}
		},
		{
			"from": [-9, 22, -7.25],
			"to": [-9, 27, -5.25],
			"rotation": {"angle": 45, "axis": "y", "origin": [-5, 1, -5]},
			"faces": {
				"north": {"uv": [8.75, 13.5, 9.25, 14.75], "texture": "#1"},
				"east": {"uv": [8.75, 13.5, 9.25, 14.75], "texture": "#1"},
				"south": {"uv": [8.75, 13.5, 9.25, 14.75], "texture": "#1"},
				"west": {"uv": [8.75, 13.5, 9.25, 14.75], "texture": "#1"},
				"up": {"uv": [8.75, 13.5, 9.25, 14.75], "texture": "#1"},
				"down": {"uv": [8.75, 13.5, 9.25, 14.75], "texture": "#1"}
			}
		},
		{
			"from": [-10, 22, -6.25],
			"to": [-8, 27, -6.25],
			"rotation": {"angle": 45, "axis": "y", "origin": [-5, 1, -5]},
			"faces": {
				"north": {"uv": [8.75, 13.5, 9.25, 14.75], "texture": "#1"},
				"east": {"uv": [8.75, 13.5, 9.25, 14.75], "texture": "#1"},
				"south": {"uv": [8.75, 13.5, 9.25, 14.75], "texture": "#1"},
				"west": {"uv": [8.75, 13.5, 9.25, 14.75], "texture": "#1"},
				"up": {"uv": [8.75, 13.5, 9.25, 14.75], "rotation": 270, "texture": "#1"},
				"down": {"uv": [8.75, 13.5, 9.25, 14.75], "rotation": 90, "texture": "#1"}
			}
		},
		{
			"from": [-9, 27, -5.75],
			"to": [-9, 28, -6.75],
			"rotation": {"angle": 45, "axis": "y", "origin": [-5, 1, -5]},
			"faces": {
				"north": {"uv": [9, 13, 9.25, 13.25], "texture": "#1"},
				"east": {"uv": [9, 13, 9.25, 13.25], "texture": "#1"},
				"south": {"uv": [9, 13, 9.25, 13.25], "texture": "#1"},
				"west": {"uv": [9, 13, 9.25, 13.25], "texture": "#1"},
				"up": {"uv": [9, 13, 9.25, 13.25], "texture": "#1"},
				"down": {"uv": [9, 13, 9.25, 13.25], "texture": "#1"}
			}
		},
		{
			"from": [-9.5, 27, -6.25],
			"to": [-8.5, 28, -6.25],
			"rotation": {"angle": 45, "axis": "y", "origin": [-5, 1, -5]},
			"faces": {
				"north": {"uv": [9, 13, 9.25, 13.25], "texture": "#1"},
				"east": {"uv": [9, 13, 9.25, 13.25], "texture": "#1"},
				"south": {"uv": [9, 13, 9.25, 13.25], "texture": "#1"},
				"west": {"uv": [9, 13, 9.25, 13.25], "texture": "#1"},
				"up": {"uv": [9, 13, 9.25, 13.25], "texture": "#1"},
				"down": {"uv": [9, 13, 9.25, 13.25], "texture": "#1"}
			}
		},
		{
			"from": [-12, 22, -4.25],
			"to": [-12, 27, -2.25],
			"rotation": {"angle": 45, "axis": "y", "origin": [-5, 1, -5]},
			"faces": {
				"north": {"uv": [8.75, 13.5, 9.25, 14.75], "texture": "#1"},
				"east": {"uv": [8.75, 13.5, 9.25, 14.75], "texture": "#1"},
				"south": {"uv": [8.75, 13.5, 9.25, 14.75], "texture": "#1"},
				"west": {"uv": [8.75, 13.5, 9.25, 14.75], "texture": "#1"},
				"up": {"uv": [8.75, 13.5, 9.25, 14.75], "texture": "#1"},
				"down": {"uv": [8.75, 13.5, 9.25, 14.75], "texture": "#1"}
			}
		},
		{
			"from": [-13, 22, -3.25],
			"to": [-11, 27, -3.25],
			"rotation": {"angle": 45, "axis": "y", "origin": [-5, 1, -5]},
			"faces": {
				"north": {"uv": [8.75, 13.5, 9.25, 14.75], "texture": "#1"},
				"east": {"uv": [8.75, 13.5, 9.25, 14.75], "texture": "#1"},
				"south": {"uv": [8.75, 13.5, 9.25, 14.75], "texture": "#1"},
				"west": {"uv": [8.75, 13.5, 9.25, 14.75], "texture": "#1"},
				"up": {"uv": [8.75, 13.5, 9.25, 14.75], "rotation": 270, "texture": "#1"},
				"down": {"uv": [8.75, 13.5, 9.25, 14.75], "rotation": 90, "texture": "#1"}
			}
		},
		{
			"from": [-12, 27, -2.75],
			"to": [-12, 28, -3.75],
			"rotation": {"angle": 45, "axis": "y", "origin": [-5, 1, -5]},
			"faces": {
				"north": {"uv": [9, 13, 9.25, 13.25], "texture": "#1"},
				"east": {"uv": [9, 13, 9.25, 13.25], "texture": "#1"},
				"south": {"uv": [9, 13, 9.25, 13.25], "texture": "#1"},
				"west": {"uv": [9, 13, 9.25, 13.25], "texture": "#1"},
				"up": {"uv": [9, 13, 9.25, 13.25], "texture": "#1"},
				"down": {"uv": [9, 13, 9.25, 13.25], "texture": "#1"}
			}
		},
		{
			"from": [-12.5, 27, -3.25],
			"to": [-11.5, 28, -3.25],
			"rotation": {"angle": 45, "axis": "y", "origin": [-5, 1, -5]},
			"faces": {
				"north": {"uv": [9, 13, 9.25, 13.25], "texture": "#1"},
				"east": {"uv": [9, 13, 9.25, 13.25], "texture": "#1"},
				"south": {"uv": [9, 13, 9.25, 13.25], "texture": "#1"},
				"west": {"uv": [9, 13, 9.25, 13.25], "texture": "#1"},
				"up": {"uv": [9, 13, 9.25, 13.25], "texture": "#1"},
				"down": {"uv": [9, 13, 9.25, 13.25], "texture": "#1"}
			}
		},
		{
			"from": [-15, 22, -1.25],
			"to": [-15, 27, 0.75],
			"rotation": {"angle": 45, "axis": "y", "origin": [-5, 1, -5]},
			"faces": {
				"north": {"uv": [8.75, 13.5, 9.25, 14.75], "texture": "#1"},
				"east": {"uv": [8.75, 13.5, 9.25, 14.75], "texture": "#1"},
				"south": {"uv": [8.75, 13.5, 9.25, 14.75], "texture": "#1"},
				"west": {"uv": [8.75, 13.5, 9.25, 14.75], "texture": "#1"},
				"up": {"uv": [8.75, 13.5, 9.25, 14.75], "texture": "#1"},
				"down": {"uv": [8.75, 13.5, 9.25, 14.75], "texture": "#1"}
			}
		},
		{
			"from": [-16, 22, -0.25],
			"to": [-14, 27, -0.25],
			"rotation": {"angle": 45, "axis": "y", "origin": [-5, 1, -5]},
			"faces": {
				"north": {"uv": [8.75, 13.5, 9.25, 14.75], "texture": "#1"},
				"east": {"uv": [8.75, 13.5, 9.25, 14.75], "texture": "#1"},
				"south": {"uv": [8.75, 13.5, 9.25, 14.75], "texture": "#1"},
				"west": {"uv": [8.75, 13.5, 9.25, 14.75], "texture": "#1"},
				"up": {"uv": [8.75, 13.5, 9.25, 14.75], "rotation": 270, "texture": "#1"},
				"down": {"uv": [8.75, 13.5, 9.25, 14.75], "rotation": 90, "texture": "#1"}
			}
		},
		{
			"from": [-15.5, 27, -0.25],
			"to": [-14.5, 28, -0.25],
			"rotation": {"angle": 45, "axis": "y", "origin": [-5, 1, -5]},
			"faces": {
				"north": {"uv": [9, 13, 9.25, 13.25], "texture": "#1"},
				"east": {"uv": [9, 13, 9.25, 13.25], "texture": "#1"},
				"south": {"uv": [9, 13, 9.25, 13.25], "texture": "#1"},
				"west": {"uv": [9, 13, 9.25, 13.25], "texture": "#1"},
				"up": {"uv": [9, 13, 9.25, 13.25], "texture": "#1"},
				"down": {"uv": [9, 13, 9.25, 13.25], "texture": "#1"}
			}
		},
		{
			"from": [-15, 27, 0.25],
			"to": [-15, 28, -0.75],
			"rotation": {"angle": 45, "axis": "y", "origin": [-5, 1, -5]},
			"faces": {
				"north": {"uv": [9, 13, 9.25, 13.25], "texture": "#1"},
				"east": {"uv": [9, 13, 9.25, 13.25], "texture": "#1"},
				"south": {"uv": [9, 13, 9.25, 13.25], "texture": "#1"},
				"west": {"uv": [9, 13, 9.25, 13.25], "texture": "#1"},
				"up": {"uv": [9, 13, 9.25, 13.25], "texture": "#1"},
				"down": {"uv": [9, 13, 9.25, 13.25], "texture": "#1"}
			}
		},
		{
			"from": [-4, 22, -6.25],
			"to": [-2, 27, -6.25],
			"rotation": {"angle": 45, "axis": "y", "origin": [-5, 1, -5]},
			"faces": {
				"north": {"uv": [8.75, 13.5, 9.25, 14.75], "texture": "#1"},
				"east": {"uv": [8.75, 13.5, 9.25, 14.75], "texture": "#1"},
				"south": {"uv": [8.75, 13.5, 9.25, 14.75], "texture": "#1"},
				"west": {"uv": [8.75, 13.5, 9.25, 14.75], "texture": "#1"},
				"up": {"uv": [8.75, 13.5, 9.25, 14.75], "rotation": 270, "texture": "#1"},
				"down": {"uv": [8.75, 13.5, 9.25, 14.75], "rotation": 90, "texture": "#1"}
			}
		},
		{
			"from": [-3, 22, -7.25],
			"to": [-3, 27, -5.25],
			"rotation": {"angle": 45, "axis": "y", "origin": [-5, 1, -5]},
			"faces": {
				"north": {"uv": [8.75, 13.5, 9.25, 14.75], "texture": "#1"},
				"east": {"uv": [8.75, 13.5, 9.25, 14.75], "texture": "#1"},
				"south": {"uv": [8.75, 13.5, 9.25, 14.75], "texture": "#1"},
				"west": {"uv": [8.75, 13.5, 9.25, 14.75], "texture": "#1"},
				"up": {"uv": [8.75, 13.5, 9.25, 14.75], "texture": "#1"},
				"down": {"uv": [8.75, 13.5, 9.25, 14.75], "texture": "#1"}
			}
		},
		{
			"from": [-3, 27, -5.75],
			"to": [-3, 28, -6.75],
			"rotation": {"angle": 45, "axis": "y", "origin": [-5, 1, -5]},
			"faces": {
				"north": {"uv": [9, 13, 9.25, 13.25], "texture": "#1"},
				"east": {"uv": [9, 13, 9.25, 13.25], "texture": "#1"},
				"south": {"uv": [9, 13, 9.25, 13.25], "texture": "#1"},
				"west": {"uv": [9, 13, 9.25, 13.25], "texture": "#1"},
				"up": {"uv": [9, 13, 9.25, 13.25], "texture": "#1"},
				"down": {"uv": [9, 13, 9.25, 13.25], "texture": "#1"}
			}
		},
		{
			"from": [-3.5, 27, -6.25],
			"to": [-2.5, 28, -6.25],
			"rotation": {"angle": 45, "axis": "y", "origin": [-5, 1, -5]},
			"faces": {
				"north": {"uv": [9, 13, 9.25, 13.25], "texture": "#1"},
				"east": {"uv": [9, 13, 9.25, 13.25], "texture": "#1"},
				"south": {"uv": [9, 13, 9.25, 13.25], "texture": "#1"},
				"west": {"uv": [9, 13, 9.25, 13.25], "texture": "#1"},
				"up": {"uv": [9, 13, 9.25, 13.25], "texture": "#1"},
				"down": {"uv": [9, 13, 9.25, 13.25], "texture": "#1"}
			}
		},
		{
			"from": [-6, 22, -4.25],
			"to": [-6, 27, -2.25],
			"rotation": {"angle": 45, "axis": "y", "origin": [-5, 1, -5]},
			"faces": {
				"north": {"uv": [8.75, 13.5, 9.25, 14.75], "texture": "#1"},
				"east": {"uv": [8.75, 13.5, 9.25, 14.75], "texture": "#1"},
				"south": {"uv": [8.75, 13.5, 9.25, 14.75], "texture": "#1"},
				"west": {"uv": [8.75, 13.5, 9.25, 14.75], "texture": "#1"},
				"up": {"uv": [8.75, 13.5, 9.25, 14.75], "texture": "#1"},
				"down": {"uv": [8.75, 13.5, 9.25, 14.75], "texture": "#1"}
			}
		},
		{
			"from": [-7, 22, -3.25],
			"to": [-5, 27, -3.25],
			"rotation": {"angle": 45, "axis": "y", "origin": [-5, 1, -5]},
			"faces": {
				"north": {"uv": [8.75, 13.5, 9.25, 14.75], "texture": "#1"},
				"east": {"uv": [8.75, 13.5, 9.25, 14.75], "texture": "#1"},
				"south": {"uv": [8.75, 13.5, 9.25, 14.75], "texture": "#1"},
				"west": {"uv": [8.75, 13.5, 9.25, 14.75], "texture": "#1"},
				"up": {"uv": [8.75, 13.5, 9.25, 14.75], "rotation": 270, "texture": "#1"},
				"down": {"uv": [8.75, 13.5, 9.25, 14.75], "rotation": 90, "texture": "#1"}
			}
		},
		{
			"from": [-6, 27, -2.75],
			"to": [-6, 28, -3.75],
			"rotation": {"angle": 45, "axis": "y", "origin": [-5, 1, -5]},
			"faces": {
				"north": {"uv": [9, 13, 9.25, 13.25], "texture": "#1"},
				"east": {"uv": [9, 13, 9.25, 13.25], "texture": "#1"},
				"south": {"uv": [9, 13, 9.25, 13.25], "texture": "#1"},
				"west": {"uv": [9, 13, 9.25, 13.25], "texture": "#1"},
				"up": {"uv": [9, 13, 9.25, 13.25], "texture": "#1"},
				"down": {"uv": [9, 13, 9.25, 13.25], "texture": "#1"}
			}
		},
		{
			"from": [-6.5, 27, -3.25],
			"to": [-5.5, 28, -3.25],
			"rotation": {"angle": 45, "axis": "y", "origin": [-5, 1, -5]},
			"faces": {
				"north": {"uv": [9, 13, 9.25, 13.25], "texture": "#1"},
				"east": {"uv": [9, 13, 9.25, 13.25], "texture": "#1"},
				"south": {"uv": [9, 13, 9.25, 13.25], "texture": "#1"},
				"west": {"uv": [9, 13, 9.25, 13.25], "texture": "#1"},
				"up": {"uv": [9, 13, 9.25, 13.25], "texture": "#1"},
				"down": {"uv": [9, 13, 9.25, 13.25], "texture": "#1"}
			}
		},
		{
			"from": [-9, 22, -1.25],
			"to": [-9, 27, 0.75],
			"rotation": {"angle": 45, "axis": "y", "origin": [-5, 1, -5]},
			"faces": {
				"north": {"uv": [8.75, 13.5, 9.25, 14.75], "texture": "#1"},
				"east": {"uv": [8.75, 13.5, 9.25, 14.75], "texture": "#1"},
				"south": {"uv": [8.75, 13.5, 9.25, 14.75], "texture": "#1"},
				"west": {"uv": [8.75, 13.5, 9.25, 14.75], "texture": "#1"},
				"up": {"uv": [8.75, 13.5, 9.25, 14.75], "texture": "#1"},
				"down": {"uv": [8.75, 13.5, 9.25, 14.75], "texture": "#1"}
			}
		},
		{
			"from": [-10, 22, -0.25],
			"to": [-8, 27, -0.25],
			"rotation": {"angle": 45, "axis": "y", "origin": [-5, 1, -5]},
			"faces": {
				"north": {"uv": [8.75, 13.5, 9.25, 14.75], "texture": "#1"},
				"east": {"uv": [8.75, 13.5, 9.25, 14.75], "texture": "#1"},
				"south": {"uv": [8.75, 13.5, 9.25, 14.75], "texture": "#1"},
				"west": {"uv": [8.75, 13.5, 9.25, 14.75], "texture": "#1"},
				"up": {"uv": [8.75, 13.5, 9.25, 14.75], "rotation": 270, "texture": "#1"},
				"down": {"uv": [8.75, 13.5, 9.25, 14.75], "rotation": 90, "texture": "#1"}
			}
		},
		{
			"from": [-9, 27, 0.25],
			"to": [-9, 28, -0.75],
			"rotation": {"angle": 45, "axis": "y", "origin": [-5, 1, -5]},
			"faces": {
				"north": {"uv": [9, 13, 9.25, 13.25], "texture": "#1"},
				"east": {"uv": [9, 13, 9.25, 13.25], "texture": "#1"},
				"south": {"uv": [9, 13, 9.25, 13.25], "texture": "#1"},
				"west": {"uv": [9, 13, 9.25, 13.25], "texture": "#1"},
				"up": {"uv": [9, 13, 9.25, 13.25], "texture": "#1"},
				"down": {"uv": [9, 13, 9.25, 13.25], "texture": "#1"}
			}
		},
		{
			"from": [-9.5, 27, -0.25],
			"to": [-8.5, 28, -0.25],
			"rotation": {"angle": 45, "axis": "y", "origin": [-5, 1, -5]},
			"faces": {
				"north": {"uv": [9, 13, 9.25, 13.25], "texture": "#1"},
				"east": {"uv": [9, 13, 9.25, 13.25], "texture": "#1"},
				"south": {"uv": [9, 13, 9.25, 13.25], "texture": "#1"},
				"west": {"uv": [9, 13, 9.25, 13.25], "texture": "#1"},
				"up": {"uv": [9, 13, 9.25, 13.25], "texture": "#1"},
				"down": {"uv": [9, 13, 9.25, 13.25], "texture": "#1"}
			}
		},
		{
			"from": [-12, 22, 1.75],
			"to": [-12, 27, 3.75],
			"rotation": {"angle": 45, "axis": "y", "origin": [-5, 1, -5]},
			"faces": {
				"north": {"uv": [8.75, 13.5, 9.25, 14.75], "texture": "#1"},
				"east": {"uv": [8.75, 13.5, 9.25, 14.75], "texture": "#1"},
				"south": {"uv": [8.75, 13.5, 9.25, 14.75], "texture": "#1"},
				"west": {"uv": [8.75, 13.5, 9.25, 14.75], "texture": "#1"},
				"up": {"uv": [8.75, 13.5, 9.25, 14.75], "texture": "#1"},
				"down": {"uv": [8.75, 13.5, 9.25, 14.75], "texture": "#1"}
			}
		},
		{
			"from": [-13, 22, 2.75],
			"to": [-11, 27, 2.75],
			"rotation": {"angle": 45, "axis": "y", "origin": [-5, 1, -5]},
			"faces": {
				"north": {"uv": [8.75, 13.5, 9.25, 14.75], "texture": "#1"},
				"east": {"uv": [8.75, 13.5, 9.25, 14.75], "texture": "#1"},
				"south": {"uv": [8.75, 13.5, 9.25, 14.75], "texture": "#1"},
				"west": {"uv": [8.75, 13.5, 9.25, 14.75], "texture": "#1"},
				"up": {"uv": [8.75, 13.5, 9.25, 14.75], "rotation": 270, "texture": "#1"},
				"down": {"uv": [8.75, 13.5, 9.25, 14.75], "rotation": 90, "texture": "#1"}
			}
		},
		{
			"from": [-12.5, 27, 2.75],
			"to": [-11.5, 28, 2.75],
			"rotation": {"angle": 45, "axis": "y", "origin": [-5, 1, -5]},
			"faces": {
				"north": {"uv": [9, 13, 9.25, 13.25], "texture": "#1"},
				"east": {"uv": [9, 13, 9.25, 13.25], "texture": "#1"},
				"south": {"uv": [9, 13, 9.25, 13.25], "texture": "#1"},
				"west": {"uv": [9, 13, 9.25, 13.25], "texture": "#1"},
				"up": {"uv": [9, 13, 9.25, 13.25], "texture": "#1"},
				"down": {"uv": [9, 13, 9.25, 13.25], "texture": "#1"}
			}
		},
		{
			"from": [-12, 27, 3.25],
			"to": [-12, 28, 2.25],
			"rotation": {"angle": 45, "axis": "y", "origin": [-5, 1, -5]},
			"faces": {
				"north": {"uv": [9, 13, 9.25, 13.25], "texture": "#1"},
				"east": {"uv": [9, 13, 9.25, 13.25], "texture": "#1"},
				"south": {"uv": [9, 13, 9.25, 13.25], "texture": "#1"},
				"west": {"uv": [9, 13, 9.25, 13.25], "texture": "#1"},
				"up": {"uv": [9, 13, 9.25, 13.25], "texture": "#1"},
				"down": {"uv": [9, 13, 9.25, 13.25], "texture": "#1"}
			}
		},
		{
			"from": [-1, 22, -3.25],
			"to": [1, 27, -3.25],
			"rotation": {"angle": 45, "axis": "y", "origin": [-5, 1, -5]},
			"faces": {
				"north": {"uv": [8.75, 13.5, 9.25, 14.75], "texture": "#1"},
				"east": {"uv": [8.75, 13.5, 9.25, 14.75], "texture": "#1"},
				"south": {"uv": [8.75, 13.5, 9.25, 14.75], "texture": "#1"},
				"west": {"uv": [8.75, 13.5, 9.25, 14.75], "texture": "#1"},
				"up": {"uv": [8.75, 13.5, 9.25, 14.75], "rotation": 270, "texture": "#1"},
				"down": {"uv": [8.75, 13.5, 9.25, 14.75], "rotation": 90, "texture": "#1"}
			}
		},
		{
			"from": [0, 22, -4.25],
			"to": [0, 27, -2.25],
			"rotation": {"angle": 45, "axis": "y", "origin": [-5, 1, -5]},
			"faces": {
				"north": {"uv": [8.75, 13.5, 9.25, 14.75], "texture": "#1"},
				"east": {"uv": [8.75, 13.5, 9.25, 14.75], "texture": "#1"},
				"south": {"uv": [8.75, 13.5, 9.25, 14.75], "texture": "#1"},
				"west": {"uv": [8.75, 13.5, 9.25, 14.75], "texture": "#1"},
				"up": {"uv": [8.75, 13.5, 9.25, 14.75], "texture": "#1"},
				"down": {"uv": [8.75, 13.5, 9.25, 14.75], "texture": "#1"}
			}
		},
		{
			"from": [0, 27, -2.75],
			"to": [0, 28, -3.75],
			"rotation": {"angle": 45, "axis": "y", "origin": [-5, 1, -5]},
			"faces": {
				"north": {"uv": [9, 13, 9.25, 13.25], "texture": "#1"},
				"east": {"uv": [9, 13, 9.25, 13.25], "texture": "#1"},
				"south": {"uv": [9, 13, 9.25, 13.25], "texture": "#1"},
				"west": {"uv": [9, 13, 9.25, 13.25], "texture": "#1"},
				"up": {"uv": [9, 13, 9.25, 13.25], "texture": "#1"},
				"down": {"uv": [9, 13, 9.25, 13.25], "texture": "#1"}
			}
		},
		{
			"from": [-0.5, 27, -3.25],
			"to": [0.5, 28, -3.25],
			"rotation": {"angle": 45, "axis": "y", "origin": [-5, 1, -5]},
			"faces": {
				"north": {"uv": [9, 13, 9.25, 13.25], "texture": "#1"},
				"east": {"uv": [9, 13, 9.25, 13.25], "texture": "#1"},
				"south": {"uv": [9, 13, 9.25, 13.25], "texture": "#1"},
				"west": {"uv": [9, 13, 9.25, 13.25], "texture": "#1"},
				"up": {"uv": [9, 13, 9.25, 13.25], "texture": "#1"},
				"down": {"uv": [9, 13, 9.25, 13.25], "texture": "#1"}
			}
		},
		{
			"from": [-3, 22, -1.25],
			"to": [-3, 27, 0.75],
			"rotation": {"angle": 45, "axis": "y", "origin": [-5, 1, -5]},
			"faces": {
				"north": {"uv": [8.75, 13.5, 9.25, 14.75], "texture": "#1"},
				"east": {"uv": [8.75, 13.5, 9.25, 14.75], "texture": "#1"},
				"south": {"uv": [8.75, 13.5, 9.25, 14.75], "texture": "#1"},
				"west": {"uv": [8.75, 13.5, 9.25, 14.75], "texture": "#1"},
				"up": {"uv": [8.75, 13.5, 9.25, 14.75], "texture": "#1"},
				"down": {"uv": [8.75, 13.5, 9.25, 14.75], "texture": "#1"}
			}
		},
		{
			"from": [-4, 22, -0.25],
			"to": [-2, 27, -0.25],
			"rotation": {"angle": 45, "axis": "y", "origin": [-5, 1, -5]},
			"faces": {
				"north": {"uv": [8.75, 13.5, 9.25, 14.75], "texture": "#1"},
				"east": {"uv": [8.75, 13.5, 9.25, 14.75], "texture": "#1"},
				"south": {"uv": [8.75, 13.5, 9.25, 14.75], "texture": "#1"},
				"west": {"uv": [8.75, 13.5, 9.25, 14.75], "texture": "#1"},
				"up": {"uv": [8.75, 13.5, 9.25, 14.75], "rotation": 270, "texture": "#1"},
				"down": {"uv": [8.75, 13.5, 9.25, 14.75], "rotation": 90, "texture": "#1"}
			}
		},
		{
			"from": [-3, 27, 0.25],
			"to": [-3, 28, -0.75],
			"rotation": {"angle": 45, "axis": "y", "origin": [-5, 1, -5]},
			"faces": {
				"north": {"uv": [9, 13, 9.25, 13.25], "texture": "#1"},
				"east": {"uv": [9, 13, 9.25, 13.25], "texture": "#1"},
				"south": {"uv": [9, 13, 9.25, 13.25], "texture": "#1"},
				"west": {"uv": [9, 13, 9.25, 13.25], "texture": "#1"},
				"up": {"uv": [9, 13, 9.25, 13.25], "texture": "#1"},
				"down": {"uv": [9, 13, 9.25, 13.25], "texture": "#1"}
			}
		},
		{
			"from": [-3.5, 27, -0.25],
			"to": [-2.5, 28, -0.25],
			"rotation": {"angle": 45, "axis": "y", "origin": [-5, 1, -5]},
			"faces": {
				"north": {"uv": [9, 13, 9.25, 13.25], "texture": "#1"},
				"east": {"uv": [9, 13, 9.25, 13.25], "texture": "#1"},
				"south": {"uv": [9, 13, 9.25, 13.25], "texture": "#1"},
				"west": {"uv": [9, 13, 9.25, 13.25], "texture": "#1"},
				"up": {"uv": [9, 13, 9.25, 13.25], "texture": "#1"},
				"down": {"uv": [9, 13, 9.25, 13.25], "texture": "#1"}
			}
		},
		{
			"from": [-6, 22, 1.75],
			"to": [-6, 27, 3.75],
			"rotation": {"angle": 45, "axis": "y", "origin": [-5, 1, -5]},
			"faces": {
				"north": {"uv": [8.75, 13.5, 9.25, 14.75], "texture": "#1"},
				"east": {"uv": [8.75, 13.5, 9.25, 14.75], "texture": "#1"},
				"south": {"uv": [8.75, 13.5, 9.25, 14.75], "texture": "#1"},
				"west": {"uv": [8.75, 13.5, 9.25, 14.75], "texture": "#1"},
				"up": {"uv": [8.75, 13.5, 9.25, 14.75], "texture": "#1"},
				"down": {"uv": [8.75, 13.5, 9.25, 14.75], "texture": "#1"}
			}
		},
		{
			"from": [-7, 22, 2.75],
			"to": [-5, 27, 2.75],
			"rotation": {"angle": 45, "axis": "y", "origin": [-5, 1, -5]},
			"faces": {
				"north": {"uv": [8.75, 13.5, 9.25, 14.75], "texture": "#1"},
				"east": {"uv": [8.75, 13.5, 9.25, 14.75], "texture": "#1"},
				"south": {"uv": [8.75, 13.5, 9.25, 14.75], "texture": "#1"},
				"west": {"uv": [8.75, 13.5, 9.25, 14.75], "texture": "#1"},
				"up": {"uv": [8.75, 13.5, 9.25, 14.75], "rotation": 270, "texture": "#1"},
				"down": {"uv": [8.75, 13.5, 9.25, 14.75], "rotation": 90, "texture": "#1"}
			}
		},
		{
			"from": [-6, 27, 3.25],
			"to": [-6, 28, 2.25],
			"rotation": {"angle": 45, "axis": "y", "origin": [-5, 1, -5]},
			"faces": {
				"north": {"uv": [9, 13, 9.25, 13.25], "texture": "#1"},
				"east": {"uv": [9, 13, 9.25, 13.25], "texture": "#1"},
				"south": {"uv": [9, 13, 9.25, 13.25], "texture": "#1"},
				"west": {"uv": [9, 13, 9.25, 13.25], "texture": "#1"},
				"up": {"uv": [9, 13, 9.25, 13.25], "texture": "#1"},
				"down": {"uv": [9, 13, 9.25, 13.25], "texture": "#1"}
			}
		},
		{
			"from": [-6.5, 27, 2.75],
			"to": [-5.5, 28, 2.75],
			"rotation": {"angle": 45, "axis": "y", "origin": [-5, 1, -5]},
			"faces": {
				"north": {"uv": [9, 13, 9.25, 13.25], "texture": "#1"},
				"east": {"uv": [9, 13, 9.25, 13.25], "texture": "#1"},
				"south": {"uv": [9, 13, 9.25, 13.25], "texture": "#1"},
				"west": {"uv": [9, 13, 9.25, 13.25], "texture": "#1"},
				"up": {"uv": [9, 13, 9.25, 13.25], "texture": "#1"},
				"down": {"uv": [9, 13, 9.25, 13.25], "texture": "#1"}
			}
		},
		{
			"from": [-9, 22, 4.75],
			"to": [-9, 27, 6.75],
			"rotation": {"angle": 45, "axis": "y", "origin": [-5, 1, -5]},
			"faces": {
				"north": {"uv": [8.75, 13.5, 9.25, 14.75], "texture": "#1"},
				"east": {"uv": [8.75, 13.5, 9.25, 14.75], "texture": "#1"},
				"south": {"uv": [8.75, 13.5, 9.25, 14.75], "texture": "#1"},
				"west": {"uv": [8.75, 13.5, 9.25, 14.75], "texture": "#1"},
				"up": {"uv": [8.75, 13.5, 9.25, 14.75], "texture": "#1"},
				"down": {"uv": [8.75, 13.5, 9.25, 14.75], "texture": "#1"}
			}
		},
		{
			"from": [-10, 22, 5.75],
			"to": [-8, 27, 5.75],
			"rotation": {"angle": 45, "axis": "y", "origin": [-5, 1, -5]},
			"faces": {
				"north": {"uv": [8.75, 13.5, 9.25, 14.75], "texture": "#1"},
				"east": {"uv": [8.75, 13.5, 9.25, 14.75], "texture": "#1"},
				"south": {"uv": [8.75, 13.5, 9.25, 14.75], "texture": "#1"},
				"west": {"uv": [8.75, 13.5, 9.25, 14.75], "texture": "#1"},
				"up": {"uv": [8.75, 13.5, 9.25, 14.75], "rotation": 270, "texture": "#1"},
				"down": {"uv": [8.75, 13.5, 9.25, 14.75], "rotation": 90, "texture": "#1"}
			}
		},
		{
			"from": [-9.5, 27, 5.75],
			"to": [-8.5, 28, 5.75],
			"rotation": {"angle": 45, "axis": "y", "origin": [-5, 1, -5]},
			"faces": {
				"north": {"uv": [9, 13, 9.25, 13.25], "texture": "#1"},
				"east": {"uv": [9, 13, 9.25, 13.25], "texture": "#1"},
				"south": {"uv": [9, 13, 9.25, 13.25], "texture": "#1"},
				"west": {"uv": [9, 13, 9.25, 13.25], "texture": "#1"},
				"up": {"uv": [9, 13, 9.25, 13.25], "texture": "#1"},
				"down": {"uv": [9, 13, 9.25, 13.25], "texture": "#1"}
			}
		},
		{
			"from": [-9, 27, 6.25],
			"to": [-9, 28, 5.25],
			"rotation": {"angle": 45, "axis": "y", "origin": [-5, 1, -5]},
			"faces": {
				"north": {"uv": [9, 13, 9.25, 13.25], "texture": "#1"},
				"east": {"uv": [9, 13, 9.25, 13.25], "texture": "#1"},
				"south": {"uv": [9, 13, 9.25, 13.25], "texture": "#1"},
				"west": {"uv": [9, 13, 9.25, 13.25], "texture": "#1"},
				"up": {"uv": [9, 13, 9.25, 13.25], "texture": "#1"},
				"down": {"uv": [9, 13, 9.25, 13.25], "texture": "#1"}
			}
		},
		{
			"from": [2, 22, -0.25],
			"to": [4, 27, -0.25],
			"rotation": {"angle": 45, "axis": "y", "origin": [-5, 1, -5]},
			"faces": {
				"north": {"uv": [8.75, 13.5, 9.25, 14.75], "texture": "#1"},
				"east": {"uv": [8.75, 13.5, 9.25, 14.75], "texture": "#1"},
				"south": {"uv": [8.75, 13.5, 9.25, 14.75], "texture": "#1"},
				"west": {"uv": [8.75, 13.5, 9.25, 14.75], "texture": "#1"},
				"up": {"uv": [8.75, 13.5, 9.25, 14.75], "rotation": 270, "texture": "#1"},
				"down": {"uv": [8.75, 13.5, 9.25, 14.75], "rotation": 90, "texture": "#1"}
			}
		},
		{
			"from": [3, 22, -1.25],
			"to": [3, 27, 0.75],
			"rotation": {"angle": 45, "axis": "y", "origin": [-5, 1, -5]},
			"faces": {
				"north": {"uv": [8.75, 13.5, 9.25, 14.75], "texture": "#1"},
				"east": {"uv": [8.75, 13.5, 9.25, 14.75], "texture": "#1"},
				"south": {"uv": [8.75, 13.5, 9.25, 14.75], "texture": "#1"},
				"west": {"uv": [8.75, 13.5, 9.25, 14.75], "texture": "#1"},
				"up": {"uv": [8.75, 13.5, 9.25, 14.75], "texture": "#1"},
				"down": {"uv": [8.75, 13.5, 9.25, 14.75], "texture": "#1"}
			}
		},
		{
			"from": [3, 27, 0.25],
			"to": [3, 28, -0.75],
			"rotation": {"angle": 45, "axis": "y", "origin": [-5, 1, -5]},
			"faces": {
				"north": {"uv": [9, 13, 9.25, 13.25], "texture": "#1"},
				"east": {"uv": [9, 13, 9.25, 13.25], "texture": "#1"},
				"south": {"uv": [9, 13, 9.25, 13.25], "texture": "#1"},
				"west": {"uv": [9, 13, 9.25, 13.25], "texture": "#1"},
				"up": {"uv": [9, 13, 9.25, 13.25], "texture": "#1"},
				"down": {"uv": [9, 13, 9.25, 13.25], "texture": "#1"}
			}
		},
		{
			"from": [2.5, 27, -0.25],
			"to": [3.5, 28, -0.25],
			"rotation": {"angle": 45, "axis": "y", "origin": [-5, 1, -5]},
			"faces": {
				"north": {"uv": [9, 13, 9.25, 13.25], "texture": "#1"},
				"east": {"uv": [9, 13, 9.25, 13.25], "texture": "#1"},
				"south": {"uv": [9, 13, 9.25, 13.25], "texture": "#1"},
				"west": {"uv": [9, 13, 9.25, 13.25], "texture": "#1"},
				"up": {"uv": [9, 13, 9.25, 13.25], "texture": "#1"},
				"down": {"uv": [9, 13, 9.25, 13.25], "texture": "#1"}
			}
		},
		{
			"from": [0, 22, 1.75],
			"to": [0, 27, 3.75],
			"rotation": {"angle": 45, "axis": "y", "origin": [-5, 1, -5]},
			"faces": {
				"north": {"uv": [8.75, 13.5, 9.25, 14.75], "texture": "#1"},
				"east": {"uv": [8.75, 13.5, 9.25, 14.75], "texture": "#1"},
				"south": {"uv": [8.75, 13.5, 9.25, 14.75], "texture": "#1"},
				"west": {"uv": [8.75, 13.5, 9.25, 14.75], "texture": "#1"},
				"up": {"uv": [8.75, 13.5, 9.25, 14.75], "texture": "#1"},
				"down": {"uv": [8.75, 13.5, 9.25, 14.75], "texture": "#1"}
			}
		},
		{
			"from": [-1, 22, 2.75],
			"to": [1, 27, 2.75],
			"rotation": {"angle": 45, "axis": "y", "origin": [-5, 1, -5]},
			"faces": {
				"north": {"uv": [8.75, 13.5, 9.25, 14.75], "texture": "#1"},
				"east": {"uv": [8.75, 13.5, 9.25, 14.75], "texture": "#1"},
				"south": {"uv": [8.75, 13.5, 9.25, 14.75], "texture": "#1"},
				"west": {"uv": [8.75, 13.5, 9.25, 14.75], "texture": "#1"},
				"up": {"uv": [8.75, 13.5, 9.25, 14.75], "rotation": 270, "texture": "#1"},
				"down": {"uv": [8.75, 13.5, 9.25, 14.75], "rotation": 90, "texture": "#1"}
			}
		},
		{
			"from": [0, 27, 3.25],
			"to": [0, 28, 2.25],
			"rotation": {"angle": 45, "axis": "y", "origin": [-5, 1, -5]},
			"faces": {
				"north": {"uv": [9, 13, 9.25, 13.25], "texture": "#1"},
				"east": {"uv": [9, 13, 9.25, 13.25], "texture": "#1"},
				"south": {"uv": [9, 13, 9.25, 13.25], "texture": "#1"},
				"west": {"uv": [9, 13, 9.25, 13.25], "texture": "#1"},
				"up": {"uv": [9, 13, 9.25, 13.25], "texture": "#1"},
				"down": {"uv": [9, 13, 9.25, 13.25], "texture": "#1"}
			}
		},
		{
			"from": [-0.5, 27, 2.75],
			"to": [0.5, 28, 2.75],
			"rotation": {"angle": 45, "axis": "y", "origin": [-5, 1, -5]},
			"faces": {
				"north": {"uv": [9, 13, 9.25, 13.25], "texture": "#1"},
				"east": {"uv": [9, 13, 9.25, 13.25], "texture": "#1"},
				"south": {"uv": [9, 13, 9.25, 13.25], "texture": "#1"},
				"west": {"uv": [9, 13, 9.25, 13.25], "texture": "#1"},
				"up": {"uv": [9, 13, 9.25, 13.25], "texture": "#1"},
				"down": {"uv": [9, 13, 9.25, 13.25], "texture": "#1"}
			}
		},
		{
			"from": [-3, 22, 4.75],
			"to": [-3, 27, 6.75],
			"rotation": {"angle": 45, "axis": "y", "origin": [-5, 1, -5]},
			"faces": {
				"north": {"uv": [8.75, 13.5, 9.25, 14.75], "texture": "#1"},
				"east": {"uv": [8.75, 13.5, 9.25, 14.75], "texture": "#1"},
				"south": {"uv": [8.75, 13.5, 9.25, 14.75], "texture": "#1"},
				"west": {"uv": [8.75, 13.5, 9.25, 14.75], "texture": "#1"},
				"up": {"uv": [8.75, 13.5, 9.25, 14.75], "texture": "#1"},
				"down": {"uv": [8.75, 13.5, 9.25, 14.75], "texture": "#1"}
			}
		},
		{
			"from": [-4, 22, 5.75],
			"to": [-2, 27, 5.75],
			"rotation": {"angle": 45, "axis": "y", "origin": [-5, 1, -5]},
			"faces": {
				"north": {"uv": [8.75, 13.5, 9.25, 14.75], "texture": "#1"},
				"east": {"uv": [8.75, 13.5, 9.25, 14.75], "texture": "#1"},
				"south": {"uv": [8.75, 13.5, 9.25, 14.75], "texture": "#1"},
				"west": {"uv": [8.75, 13.5, 9.25, 14.75], "texture": "#1"},
				"up": {"uv": [8.75, 13.5, 9.25, 14.75], "rotation": 270, "texture": "#1"},
				"down": {"uv": [8.75, 13.5, 9.25, 14.75], "rotation": 90, "texture": "#1"}
			}
		},
		{
			"from": [-3, 27, 6.25],
			"to": [-3, 28, 5.25],
			"rotation": {"angle": 45, "axis": "y", "origin": [-5, 1, -5]},
			"faces": {
				"north": {"uv": [9, 13, 9.25, 13.25], "texture": "#1"},
				"east": {"uv": [9, 13, 9.25, 13.25], "texture": "#1"},
				"south": {"uv": [9, 13, 9.25, 13.25], "texture": "#1"},
				"west": {"uv": [9, 13, 9.25, 13.25], "texture": "#1"},
				"up": {"uv": [9, 13, 9.25, 13.25], "texture": "#1"},
				"down": {"uv": [9, 13, 9.25, 13.25], "texture": "#1"}
			}
		},
		{
			"from": [-3.5, 27, 5.75],
			"to": [-2.5, 28, 5.75],
			"rotation": {"angle": 45, "axis": "y", "origin": [-5, 1, -5]},
			"faces": {
				"north": {"uv": [9, 13, 9.25, 13.25], "texture": "#1"},
				"east": {"uv": [9, 13, 9.25, 13.25], "texture": "#1"},
				"south": {"uv": [9, 13, 9.25, 13.25], "texture": "#1"},
				"west": {"uv": [9, 13, 9.25, 13.25], "texture": "#1"},
				"up": {"uv": [9, 13, 9.25, 13.25], "texture": "#1"},
				"down": {"uv": [9, 13, 9.25, 13.25], "texture": "#1"}
			}
		},
		{
			"from": [-1, 22, 12.75],
			"to": [-1, 27, 14.75],
			"rotation": {"angle": 22.5, "axis": "y", "origin": [-5, 1, -5]},
			"faces": {
				"north": {"uv": [8.75, 13.5, 9.25, 14.75], "texture": "#1"},
				"east": {"uv": [8.75, 13.5, 9.25, 14.75], "texture": "#1"},
				"south": {"uv": [8.75, 13.5, 9.25, 14.75], "texture": "#1"},
				"west": {"uv": [8.75, 13.5, 9.25, 14.75], "texture": "#1"},
				"up": {"uv": [8.75, 13.5, 9.25, 14.75], "texture": "#1"},
				"down": {"uv": [8.75, 13.5, 9.25, 14.75], "texture": "#1"}
			}
		},
		{
			"from": [-2, 22, 13.75],
			"to": [0, 27, 13.75],
			"rotation": {"angle": 22.5, "axis": "y", "origin": [-5, 1, -5]},
			"faces": {
				"north": {"uv": [8.75, 13.5, 9.25, 14.75], "texture": "#1"},
				"east": {"uv": [8.75, 13.5, 9.25, 14.75], "texture": "#1"},
				"south": {"uv": [8.75, 13.5, 9.25, 14.75], "texture": "#1"},
				"west": {"uv": [8.75, 13.5, 9.25, 14.75], "texture": "#1"},
				"up": {"uv": [8.75, 13.5, 9.25, 14.75], "rotation": 270, "texture": "#1"},
				"down": {"uv": [8.75, 13.5, 9.25, 14.75], "rotation": 90, "texture": "#1"}
			}
		},
		{
			"from": [-1.5, 27, 13.75],
			"to": [-0.5, 28, 13.75],
			"rotation": {"angle": 22.5, "axis": "y", "origin": [-5, 1, -5]},
			"faces": {
				"north": {"uv": [9, 13, 9.25, 13.25], "texture": "#1"},
				"east": {"uv": [9, 13, 9.25, 13.25], "texture": "#1"},
				"south": {"uv": [9, 13, 9.25, 13.25], "texture": "#1"},
				"west": {"uv": [9, 13, 9.25, 13.25], "texture": "#1"},
				"up": {"uv": [9, 13, 9.25, 13.25], "texture": "#1"},
				"down": {"uv": [9, 13, 9.25, 13.25], "texture": "#1"}
			}
		},
		{
			"from": [-1, 27, 14.25],
			"to": [-1, 28, 13.25],
			"rotation": {"angle": 22.5, "axis": "y", "origin": [-5, 1, -5]},
			"faces": {
				"north": {"uv": [9, 13, 9.25, 13.25], "texture": "#1"},
				"east": {"uv": [9, 13, 9.25, 13.25], "texture": "#1"},
				"south": {"uv": [9, 13, 9.25, 13.25], "texture": "#1"},
				"west": {"uv": [9, 13, 9.25, 13.25], "texture": "#1"},
				"up": {"uv": [9, 13, 9.25, 13.25], "texture": "#1"},
				"down": {"uv": [9, 13, 9.25, 13.25], "texture": "#1"}
			}
		},
		{
			"from": [-13, 16, -12],
			"to": [12, 17, 15],
			"faces": {
				"north": {"uv": [0, 11.25, 0.25, 11.5], "texture": "#1"},
				"east": {"uv": [0, 11.25, 0.25, 11.5], "texture": "#1"},
				"south": {"uv": [0, 11.25, 0.25, 11.5], "texture": "#1"},
				"west": {"uv": [0, 11.25, 0.25, 11.5], "texture": "#1"},
				"up": {"uv": [0, 11.25, 0.25, 11.5], "texture": "#1"},
				"down": {"uv": [0, 11.25, 0.25, 11.5], "texture": "#1"}
			}
		}
	],
	"groups": [0, 1, 2, 3, 4, 5, 6, 7, 8, 9, 10, 11, 12, 13, 14, 15, 16, 17, 18, 19, 20, 21, 22, 23, 24, 25, 26, 27, 28, 29, 30, 31, 32, 33, 34, 35, 36, 37,
		{
			"name": "group",
			"origin": [-5, 0, -5],
			"color": 0,
			"children": [38, 39, 40, 41, 42, 43, 44, 45, 46, 47, 48, 49, 50, 51, 52, 53]
		},
		{
			"name": "group",
			"origin": [-5, 0, -5],
			"color": 0,
			"children": [54, 55, 56, 57, 58, 59, 60, 61, 62, 63, 64, 65, 66, 67, 68, 69]
		},
		{
			"name": "group",
			"origin": [-5, 0, -5],
			"color": 0,
			"children": [70, 71, 72, 73, 74, 75, 76, 77, 78, 79, 80, 81, 82, 83, 84, 85]
		},
		{
			"name": "group",
			"origin": [-5, 0, -5],
			"color": 0,
			"children": [86, 87, 88, 89, 90, 91, 92, 93, 94, 95, 96, 97, 98, 99, 100, 101]
		}, 102]
}