{
	"credit": "Made with Blockbench",
	"ambientocclusion": false,
	"textures": {
		"particle": "block/iron_bars",
		"bars": "block/iron_bars"
	},
	"elements": [
		{
			"from": [7, 0, 8],
			"to": [9, 1, 16],
			"faces": {
				"north": {"uv": [7, 14, 9, 16], "texture": "#bars"},
				"east": {"uv": [7, 13, 9, 16], "texture": "#bars"},
				"south": {"uv": [7, 14, 9, 16], "texture": "#bars"},
				"west": {"uv": [7, 14, 9, 16], "texture": "#bars"},
				"up": {"uv": [7, 9, 9, 16], "texture": "#bars"},
				"down": {"uv": [7, 9, 9, 16], "texture": "#bars"}
			}
		},
		{
			"from": [7, 15, 8],
			"to": [9, 16, 16],
			"faces": {
				"north": {"uv": [7, 14, 9, 16], "texture": "#bars"},
				"east": {"uv": [7, 13, 9, 16], "texture": "#bars"},
				"south": {"uv": [7, 14, 9, 16], "texture": "#bars"},
				"west": {"uv": [7, 14, 9, 16], "texture": "#bars"},
				"up": {"uv": [7, 13, 9, 16], "texture": "#bars"},
				"down": {"uv": [7, 9, 9, 16], "texture": "#bars"}
			}
		},
		{
			"from": [7, 1, 8],
			"to": [9, 15, 9],
			"faces": {
				"north": {"uv": [7, 14, 9, 16], "texture": "#bars"},
				"east": {"uv": [8, 0, 9, 16], "texture": "#bars"},
				"south": {"uv": [7, 14, 9, 16], "texture": "#bars"},
				"west": {"uv": [8, 0, 9, 16], "texture": "#bars"},
				"up": {"uv": [7, 9, 9, 16], "texture": "#bars"},
				"down": {"uv": [7, 9, 9, 16], "texture": "#bars"}
			}
		},
		{
			"from": [7, 1, 12.5],
			"to": [9, 15, 14.5],
			"faces": {
				"north": {"uv": [7, 14, 9, 16], "texture": "#bars"},
				"east": {"uv": [12, 1, 14, 15], "texture": "#bars"},
				"south": {"uv": [7, 14, 9, 16], "texture": "#bars"},
				"west": {"uv": [12, 1, 14, 15], "texture": "#bars"},
				"up": {"uv": [7, 9, 9, 16], "texture": "#bars"},
				"down": {"uv": [7, 9, 9, 16], "texture": "#bars"}
			}
		}
	]
}