{
	"credit": "Made with Blockbench",
	"ambientocclusion": false,
	"textures": {
		"particle": "block/ladder",
		"texture": "block/ladder"
	},
	"elements": [
		{
			"from": [2, 0, 15],
			"to": [4, 1, 16],
			"faces": {
				"north": {"uv": [2, 0, 4, 1], "texture": "#texture"},
				"east": {"uv": [2, 0, 3, 1], "rotation": 180, "texture": "#texture"},
				"south": {"uv": [2, 0, 4, 1], "rotation": 180, "texture": "#texture"},
				"west": {"uv": [3, 0, 4, 1], "rotation": 180, "texture": "#texture"},
				"up": {"uv": [0, 0, 2, 1], "texture": "#missing"},
				"down": {"uv": [2, 0, 4, 1], "rotation": 180, "texture": "#texture"}
			}
		},
		{
			"from": [2, 15, 15],
			"to": [4, 16, 16],
			"faces": {
				"north": {"uv": [2, 0, 4, 1], "texture": "#texture"},
				"east": {"uv": [2, 0, 3, 1], "rotation": 180, "texture": "#texture"},
				"south": {"uv": [2, 0, 4, 1], "rotation": 180, "texture": "#texture"},
				"west": {"uv": [3, 0, 4, 1], "rotation": 180, "texture": "#texture"},
				"up": {"uv": [2, 0, 4, 1], "rotation": 180, "texture": "#texture"},
				"down": {"uv": [0, 0, 2, 1], "texture": "#missing"}
			}
		},
		{
			"from": [12, 15, 15],
			"to": [14, 16, 16],
			"faces": {
				"north": {"uv": [2, 0, 4, 1], "texture": "#texture"},
				"east": {"uv": [2, 0, 3, 1], "rotation": 180, "texture": "#texture"},
				"south": {"uv": [2, 0, 4, 1], "rotation": 180, "texture": "#texture"},
				"west": {"uv": [3, 0, 4, 1], "rotation": 180, "texture": "#texture"},
				"up": {"uv": [2, 0, 4, 1], "rotation": 180, "texture": "#texture"},
				"down": {"uv": [0, 0, 2, 1], "texture": "#missing"}
			}
		},
		{
			"from": [12, 0, 15],
			"to": [14, 1, 16],
			"faces": {
				"north": {"uv": [2, 0, 4, 1], "texture": "#texture"},
				"east": {"uv": [2, 0, 3, 1], "rotation": 180, "texture": "#texture"},
				"south": {"uv": [2, 0, 4, 1], "rotation": 180, "texture": "#texture"},
				"west": {"uv": [3, 0, 4, 1], "rotation": 180, "texture": "#texture"},
				"up": {"uv": [0, 0, 2, 1], "texture": "#missing"},
				"down": {"uv": [2, 0, 4, 1], "rotation": 180, "texture": "#texture"}
			}
		},
		{
			"from": [2, 3, 15],
			"to": [4, 5, 16],
			"faces": {
				"north": {"uv": [2, 0, 4, 1], "texture": "#texture"},
				"east": {"uv": [2, 0, 3, 1], "rotation": 180, "texture": "#texture"},
				"south": {"uv": [2, 0, 4, 1], "rotation": 180, "texture": "#texture"},
				"west": {"uv": [3, 0, 4, 1], "rotation": 180, "texture": "#texture"},
				"up": {"uv": [0, 0, 2, 1], "texture": "#missing"},
				"down": {"uv": [0, 0, 2, 1], "texture": "#missing"}
			}
		},
		{
			"from": [12, 3, 15],
			"to": [14, 5, 16],
			"faces": {
				"north": {"uv": [2, 0, 4, 1], "texture": "#texture"},
				"east": {"uv": [2, 0, 3, 1], "rotation": 180, "texture": "#texture"},
				"south": {"uv": [2, 0, 4, 1], "rotation": 180, "texture": "#texture"},
				"west": {"uv": [3, 0, 4, 1], "rotation": 180, "texture": "#texture"},
				"up": {"uv": [0, 0, 2, 1], "texture": "#missing"},
				"down": {"uv": [0, 0, 2, 1], "texture": "#missing"}
			}
		},
		{
			"from": [12, 7, 15],
			"to": [14, 9, 16],
			"faces": {
				"north": {"uv": [2, 0, 4, 1], "texture": "#texture"},
				"east": {"uv": [2, 0, 3, 1], "rotation": 180, "texture": "#texture"},
				"south": {"uv": [2, 0, 4, 1], "rotation": 180, "texture": "#texture"},
				"west": {"uv": [3, 0, 4, 1], "rotation": 180, "texture": "#texture"},
				"up": {"uv": [0, 0, 2, 1], "texture": "#missing"},
				"down": {"uv": [0, 0, 2, 1], "texture": "#missing"}
			}
		},
		{
			"from": [2, 7, 15],
			"to": [4, 9, 16],
			"faces": {
				"north": {"uv": [2, 0, 4, 1], "texture": "#texture"},
				"east": {"uv": [2, 0, 3, 1], "rotation": 180, "texture": "#texture"},
				"south": {"uv": [2, 0, 4, 1], "rotation": 180, "texture": "#texture"},
				"west": {"uv": [3, 0, 4, 1], "rotation": 180, "texture": "#texture"},
				"up": {"uv": [0, 0, 2, 1], "texture": "#missing"},
				"down": {"uv": [0, 0, 2, 1], "texture": "#missing"}
			}
		},
		{
			"from": [2, 11, 15],
			"to": [4, 13, 16],
			"faces": {
				"north": {"uv": [2, 0, 4, 1], "texture": "#texture"},
				"east": {"uv": [2, 0, 3, 1], "rotation": 180, "texture": "#texture"},
				"south": {"uv": [2, 0, 4, 1], "rotation": 180, "texture": "#texture"},
				"west": {"uv": [3, 0, 4, 1], "rotation": 180, "texture": "#texture"},
				"up": {"uv": [0, 0, 2, 1], "texture": "#missing"},
				"down": {"uv": [0, 0, 2, 1], "texture": "#missing"}
			}
		},
		{
			"from": [12, 11, 15],
			"to": [14, 13, 16],
			"faces": {
				"north": {"uv": [2, 0, 4, 1], "texture": "#texture"},
				"east": {"uv": [2, 0, 3, 1], "rotation": 180, "texture": "#texture"},
				"south": {"uv": [2, 0, 4, 1], "rotation": 180, "texture": "#texture"},
				"west": {"uv": [3, 0, 4, 1], "rotation": 180, "texture": "#texture"},
				"up": {"uv": [0, 0, 2, 1], "texture": "#missing"},
				"down": {"uv": [0, 0, 2, 1], "texture": "#missing"}
			}
		},
		{
			"from": [1, 13, 15],
			"to": [15, 15, 16],
			"faces": {
				"north": {"uv": [1, 1, 15, 3], "texture": "#texture"},
				"east": {"uv": [1, 1, 15, 3], "texture": "#texture"},
				"south": {"uv": [1, 1, 15, 3], "texture": "#texture"},
				"west": {"uv": [1, 1, 15, 3], "texture": "#texture"},
				"up": {"uv": [2, 0, 3, 1], "rotation": 180, "texture": "#texture"},
				"down": {"uv": [1, 2, 15, 3], "texture": "#texture"}
			}
		},
		{
			"from": [1, 9, 15],
			"to": [15, 11, 16],
			"faces": {
				"north": {"uv": [1, 5, 15, 7], "texture": "#texture"},
				"east": {"uv": [1, 5, 15, 7], "texture": "#texture"},
				"south": {"uv": [1, 5, 15, 7], "texture": "#texture"},
				"west": {"uv": [1, 5, 15, 7], "texture": "#texture"},
				"up": {"uv": [2, 0, 3, 1], "rotation": 180, "texture": "#texture"},
				"down": {"uv": [1, 2, 15, 3], "texture": "#texture"}
			}
		},
		{
			"from": [1, 5, 15],
			"to": [15, 7, 16],
			"faces": {
				"north": {"uv": [1, 9, 15, 11], "texture": "#texture"},
				"east": {"uv": [1, 9, 15, 11], "texture": "#texture"},
				"south": {"uv": [1, 9, 15, 11], "texture": "#texture"},
				"west": {"uv": [1, 9, 15, 11], "texture": "#texture"},
				"up": {"uv": [2, 0, 3, 1], "rotation": 180, "texture": "#texture"},
				"down": {"uv": [1, 2, 15, 3], "texture": "#texture"}
			}
		},
		{
			"from": [1, 1, 15],
			"to": [15, 3, 16],
			"faces": {
				"north": {"uv": [1, 13, 15, 15], "texture": "#texture"},
				"east": {"uv": [1, 13, 15, 15], "texture": "#texture"},
				"south": {"uv": [1, 13, 15, 15], "texture": "#texture"},
				"west": {"uv": [1, 13, 15, 15], "texture": "#texture"},
				"up": {"uv": [2, 0, 3, 1], "rotation": 180, "texture": "#texture"},
				"down": {"uv": [1, 2, 15, 3], "texture": "#texture"}
			}
		}
	],
	"groups": [
		{
			"name": "ladder_spaces",
			"origin": [0, 0, 0],
			"color": 0,
			"children": [0, 1, 2, 3, 4, 5, 6, 7, 8, 9]
		},
		{
			"name": "loider",
			"origin": [0, 0, 0],
			"color": 0,
			"children": [10, 11, 12, 13]
		}
	]
}