{
	"credit": "Made with Blockbench",
	"textures": {
		"0": "block/join_team",
		"particle": "block/join_team"
	},
	"elements": [
		{
			"from": [0, -1, -4],
			"to": [16, 23, 5],
			"rotation": {"angle": 22.5, "axis": "x", "origin": [0, 0, 0]},
			"faces": {
				"north": {"uv": [0, 0, 0.16667, 16], "texture": "#0"},
				"east": {"uv": [0, 0, 0.16667, 16], "texture": "#0"},
				"south": {"uv": [0, 0, 3.83333, 16], "texture": "#0"},
				"west": {"uv": [0, 0, 0.16667, 16], "texture": "#0"},
				"up": {"uv": [0, 0, 1.16667, 1.83333], "texture": "#0"},
				"down": {"uv": [0, 0, 1.16667, 1.83333], "texture": "#0"}
			}
		}
	]
}