{
	"credit": "Made with Blockbench",
	"textures": {
		"0": "custom/pink_parrots_mascot",
		"particle": "custom/pink_parrots_mascot"
	},
	"elements": [
		{
			"from": [0.6, 13.18, -0.14],
			"to": [15.4, 31.68, 17.62],
			"rotation": {"angle": 0, "axis": "z", "origin": [2.08, 13.18, -0.14]},
			"faces": {
				"north": {"uv": [2.5, 2.5, 0, 5.625], "texture": "#0"},
				"east": {"uv": [2.5, 2.5, 5.5, 5.625], "texture": "#0"},
				"south": {"uv": [0, 2.5, 2.5, 5.625], "texture": "#0"},
				"west": {"uv": [5.5, 2.5, 8.5, 5.625], "texture": "#0"},
				"up": {"uv": [0, 0, 2.75, 2.5], "rotation": 270, "texture": "#0"},
				"down": {"uv": [0.25, 5.375, 0, 5.625], "texture": "#0"}
			}
		},
		{
			"from": [-0.88, -1.25, -0.88],
			"to": [13.92, 17.99, 18.36],
			"rotation": {"angle": -22.5, "axis": "z", "origin": [2.08, 13.18, -0.14]},
			"faces": {
				"north": {"uv": [2.5, 5.75, 0, 8.875], "texture": "#0"},
				"east": {"uv": [2.5, 5.625, 5.75, 8.75], "texture": "#0"},
				"south": {"uv": [0, 5.75, 2.5, 8.875], "texture": "#0"},
				"west": {"uv": [5.75, 5.625, 9, 8.75], "texture": "#0"},
				"up": {"uv": [2.5, 5, 5.375, 5.625], "rotation": 270, "texture": "#0"},
				"down": {"uv": [0.25, 5.375, 0, 5.625], "texture": "#0"}
			}
		},
		{
			"from": [21.32, 9.48, 2.82],
			"to": [24.28, 21.32, 14.66],
			"rotation": {"angle": 22.5, "axis": "z", "origin": [2.08, 13.18, -0.14]},
			"faces": {
				"north": {"uv": [4.125, 0.5, 3.625, 2.5], "texture": "#0"},
				"east": {"uv": [6.125, 0.5, 4.125, 2.5], "texture": "#0"},
				"south": {"uv": [3.625, 0.5, 4.125, 2.5], "texture": "#0"},
				"west": {"uv": [6, 2.25, 4.25, 2.375], "rotation": 180, "texture": "#0"},
				"up": {"uv": [5.875, 0.5, 4.125, 1.125], "rotation": 90, "texture": "#0"},
				"down": {"uv": [6, 2.25, 4.25, 2.375], "rotation": 90, "texture": "#0"}
			}
		},
		{
			"from": [16.88, 11.7, 2.82],
			"to": [21.32, 21.32, 14.66],
			"rotation": {"angle": 22.5, "axis": "z", "origin": [2.08, 13.18, -0.14]},
			"faces": {
				"north": {"uv": [3.625, 0.5, 2.875, 2.125], "texture": "#0"},
				"east": {"uv": [0, 0, 16, 13], "texture": "#missing"},
				"south": {"uv": [2.875, 0.5, 3.625, 2.125], "texture": "#0"},
				"west": {"uv": [0, 0, 16, 13], "texture": "#missing"},
				"up": {"uv": [5.875, 0.5, 4.125, 1.125], "rotation": 90, "texture": "#0"},
				"down": {"uv": [6, 2.25, 4.25, 2.375], "rotation": 90, "texture": "#0"}
			}
		},
		{
			"from": [14.475, 11.33, 2.82],
			"to": [18.915, 20.95, 14.66],
			"rotation": {"angle": 22.5, "axis": "z", "origin": [2.08, 8, -0.14]},
			"faces": {
				"north": {"uv": [2.875, 0.5, 3, 2.125], "texture": "#0"},
				"east": {"uv": [0, 0, 16, 13], "texture": "#missing"},
				"south": {"uv": [2.875, 0.5, 3, 2.125], "texture": "#0"},
				"west": {"uv": [0, 0, 16, 13], "texture": "#missing"},
				"up": {"uv": [0, 0, 6, 16], "texture": "#missing"},
				"down": {"uv": [6, 2.25, 4.25, 2.375], "rotation": 90, "texture": "#0"}
			}
		},
		{
			"from": [-9.76, 7.26, 19.84],
			"to": [14.66, 16.88, 21.32],
			"rotation": {"angle": 22.5, "axis": "y", "origin": [4.3, 8, 40.56]},
			"faces": {
				"north": {"uv": [4.25, 8.875, 0, 10.375], "texture": "#0"},
				"east": {"uv": [4.25, 8.875, 4.5, 10.375], "texture": "#0"},
				"south": {"uv": [0, 8.875, 4.25, 10.375], "texture": "#0"},
				"west": {"uv": [0, 8.875, 0.125, 10.375], "texture": "#0"},
				"up": {"uv": [4.25, 8.875, 0, 9.125], "texture": "#0"},
				"down": {"uv": [0, 9.5, 4.25, 9.75], "texture": "#0"}
			}
		},
		{
			"from": [-9.76, 3.56, 6.52],
			"to": [2.82, 10.22, 9.48],
			"rotation": {"angle": 22.5, "axis": "z", "origin": [5.78, -17.16, 4.3]},
			"faces": {
				"north": {"uv": [6.625, 8.875, 4.5, 9.875], "texture": "#0"},
				"east": {"uv": [4.25, 8.875, 4.5, 10.375], "texture": "#0"},
				"south": {"uv": [4.5, 8.875, 6.625, 9.875], "texture": "#0"},
				"west": {"uv": [4.5, 8.875, 4.625, 9.875], "texture": "#0"},
				"up": {"uv": [4.5, 8.875, 6.625, 9], "texture": "#0"},
				"down": {"uv": [4.5, 9.75, 6.5, 9.875], "texture": "#0"}
			}
		},
		{
			"from": [-7.54, -0.14, 6.52],
			"to": [2.82, 3.56, 9.48],
			"rotation": {"angle": 22.5, "axis": "z", "origin": [5.78, -17.16, 4.3]},
			"faces": {
				"north": {"uv": [6.625, 9.875, 4.875, 10.5], "texture": "#0"},
				"east": {"uv": [4.25, 8.875, 4.5, 10.375], "texture": "#0"},
				"south": {"uv": [4.875, 9.875, 6.625, 10.5], "texture": "#0"},
				"west": {"uv": [4.875, 9.875, 5, 10.5], "texture": "#0"},
				"up": {"uv": [4.25, 8.875, 0, 9.125], "texture": "#0"},
				"down": {"uv": [4.875, 10.375, 6.5, 10.5], "texture": "#0"}
			}
		},
		{
			"from": [2.82, -0.14, 6.52],
			"to": [13.18, 10.22, 9.48],
			"rotation": {"angle": 22.5, "axis": "z", "origin": [5.78, -17.16, 4.3]},
			"faces": {
				"north": {"uv": [6.5, 8.875, 6.625, 10.5], "texture": "#0"},
				"east": {"uv": [4.25, 8.875, 4.5, 10.375], "texture": "#0"},
				"south": {"uv": [6.5, 8.875, 6.625, 10.5], "texture": "#0"},
				"west": {"uv": [4.875, 9.875, 5, 10.5], "texture": "#0"},
				"up": {"uv": [5.75, 8.875, 6.625, 9], "texture": "#0"},
				"down": {"uv": [6.5, 10.25, 6.625, 10.5], "texture": "#0"}
			}
		},
		{
			"from": [-5.32, 2.82, 19.84],
			"to": [14.66, 7.26, 21.32],
			"rotation": {"angle": 22.5, "axis": "y", "origin": [4.3, 8, 40.56]},
			"faces": {
				"north": {"uv": [4.25, 10.375, 0.75, 11.125], "texture": "#0"},
				"east": {"uv": [4.25, 10.5, 4.5, 11], "texture": "#0"},
				"south": {"uv": [0.75, 10.375, 4.25, 11.125], "texture": "#0"},
				"west": {"uv": [0.75, 10.375, 0.875, 11.125], "texture": "#0"},
				"up": {"uv": [0, 0, 16, 2], "texture": "#missing"},
				"down": {"uv": [0.75, 11, 4.375, 11.125], "texture": "#0"}
			}
		},
		{
			"from": [-9.575, 7.26, -5.32],
			"to": [14.845, 16.88, -3.84],
			"rotation": {"angle": -22.5, "axis": "y", "origin": [-0.14, 8, -24.56]},
			"faces": {
				"north": {"uv": [4.25, 8.875, 0, 10.375], "texture": "#0"},
				"east": {"uv": [4.25, 8.875, 4.5, 10.375], "texture": "#0"},
				"south": {"uv": [0, 8.875, 4.25, 10.375], "texture": "#0"},
				"west": {"uv": [0, 8.875, 0.125, 10.375], "texture": "#0"},
				"up": {"uv": [4.25, 8.875, 0, 9.125], "texture": "#0"},
				"down": {"uv": [0, 9.5, 4.25, 9.75], "texture": "#0"}
			}
		},
		{
			"from": [-5.135, 2.82, -5.32],
			"to": [14.845, 7.26, -3.84],
			"rotation": {"angle": -22.5, "axis": "y", "origin": [-0.14, 8, -24.56]},
			"faces": {
				"north": {"uv": [4.25, 10.375, 0.75, 11.125], "texture": "#0"},
				"east": {"uv": [4.25, 10.5, 4.5, 11], "texture": "#0"},
				"south": {"uv": [0.75, 10.375, 4.25, 11.125], "texture": "#0"},
				"west": {"uv": [0.75, 10.375, 0.875, 11.125], "texture": "#0"},
				"up": {"uv": [0, 0, 16, 2], "texture": "#missing"},
				"down": {"uv": [0.75, 11, 4.375, 11.125], "texture": "#0"}
			}
		},
		{
			"from": [0.78, -5.62, 3.56],
			"to": [4.48, -1.92, 7.26],
			"rotation": {"angle": 0, "axis": "z", "origin": [-8.1, 2.7, 2.08]},
			"faces": {
				"north": {"uv": [7.875, 8.875, 7.125, 9.5], "texture": "#0"},
				"east": {"uv": [8.5, 8.875, 7.875, 9.5], "texture": "#0"},
				"south": {"uv": [7, 9.25, 6.75, 9.5], "texture": "#0"},
				"west": {"uv": [6.625, 8.875, 7.125, 9.5], "texture": "#0"},
				"up": {"uv": [0, 0, 4, 1], "texture": "#missing"},
				"down": {"uv": [6.625, 9.375, 7.125, 9.5], "texture": "#0"}
			}
		},
		{
			"from": [0.78, -5.62, 10.22],
			"to": [4.48, -1.92, 13.92],
			"rotation": {"angle": 0, "axis": "z", "origin": [-8.1, 2.7, 2.08]},
			"faces": {
				"north": {"uv": [7, 9.25, 6.75, 9.5], "texture": "#0"},
				"east": {"uv": [7.875, 8.875, 8.5, 9.5], "texture": "#0"},
				"south": {"uv": [7.125, 8.875, 7.875, 9.5], "texture": "#0"},
				"west": {"uv": [6.625, 8.875, 7.125, 9.5], "texture": "#0"},
				"up": {"uv": [0, 0, 4, 1], "texture": "#missing"},
				"down": {"uv": [6.625, 9.375, 7.125, 9.5], "texture": "#0"}
			}
		},
		{
			"from": [0.04, -10.62, 12.44],
			"to": [6.7, -6.92, 14.66],
			"rotation": {"angle": 0, "axis": "z", "origin": [-19.2, 2.7, 2.08]},
			"faces": {
				"north": {"uv": [6.625, 9.5, 7.75, 10.25], "texture": "#0"},
				"east": {"uv": [7.625, 9.5, 7.75, 10.25], "texture": "#0"},
				"south": {"uv": [6.625, 9.5, 7.75, 10.25], "texture": "#0"},
				"west": {"uv": [6.625, 9.5, 6.75, 10.25], "texture": "#0"},
				"up": {"uv": [6.625, 9.5, 7.75, 9.875], "texture": "#0"},
				"down": {"uv": [6.625, 10.125, 7.625, 10.25], "texture": "#0"}
			}
		},
		{
			"from": [8.18, -0.075, 12.4474],
			"to": [11.88, 3.625, 14.6822],
			"rotation": {"angle": -22.5, "axis": "z", "origin": [-19.2, 2.7, 2.08]},
			"faces": {
				"north": {"uv": [8.25, 9.5, 9, 10.25], "texture": "#0"},
				"east": {"uv": [7.625, 9.5, 7.75, 10.25], "texture": "#0"},
				"south": {"uv": [8.25, 9.5, 9, 10.25], "texture": "#0"},
				"west": {"uv": [6.625, 9.5, 6.75, 10.25], "texture": "#0"},
				"up": {"uv": [7.75, 9.5, 8.25, 10.125], "rotation": 90, "texture": "#0"},
				"down": {"uv": [8.25, 10.125, 9.125, 10.25], "texture": "#0"}
			}
		},
		{
			"from": [0.04, -10.62, 9.48],
			"to": [6.7, -6.92, 11.7],
			"rotation": {"angle": 0, "axis": "z", "origin": [-19.2, 2.7, -0.88]},
			"faces": {
				"north": {"uv": [6.625, 9.5, 7.75, 10.25], "texture": "#0"},
				"east": {"uv": [7.625, 9.5, 7.75, 10.25], "texture": "#0"},
				"south": {"uv": [6.625, 9.5, 7.75, 10.25], "texture": "#0"},
				"west": {"uv": [6.625, 9.5, 6.75, 10.25], "texture": "#0"},
				"up": {"uv": [6.625, 9.5, 7.75, 9.875], "texture": "#0"},
				"down": {"uv": [6.625, 10.125, 7.625, 10.25], "texture": "#0"}
			}
		},
		{
			"from": [8.18, -0.075, 9.4874],
			"to": [11.88, 3.625, 11.7222],
			"rotation": {"angle": -22.5, "axis": "z", "origin": [-19.2, 2.7, -0.88]},
			"faces": {
				"north": {"uv": [8.25, 9.5, 9, 10.25], "texture": "#0"},
				"east": {"uv": [7.625, 9.5, 7.75, 10.25], "texture": "#0"},
				"south": {"uv": [8.25, 9.5, 9, 10.25], "texture": "#0"},
				"west": {"uv": [6.625, 9.5, 6.75, 10.25], "texture": "#0"},
				"up": {"uv": [7.75, 9.5, 8.25, 10.125], "rotation": 90, "texture": "#0"},
				"down": {"uv": [8.25, 10.125, 9.125, 10.25], "texture": "#0"}
			}
		},
		{
			"from": [0.79, -9.38, 11.7],
			"to": [4.49, -5.68, 12.44],
			"rotation": {"angle": 0, "axis": "z", "origin": [-19.2, 2.7, 2.08]},
			"faces": {
				"north": {"uv": [7.25, 10, 7.5, 10.125], "texture": "#0"},
				"east": {"uv": [7.25, 10, 7.5, 10.125], "texture": "#0"},
				"south": {"uv": [7.25, 10, 7.5, 10.125], "texture": "#0"},
				"west": {"uv": [7.25, 10, 7.5, 10.125], "texture": "#0"},
				"up": {"uv": [7.25, 10, 7.5, 10.125], "texture": "#0"},
				"down": {"uv": [7.25, 10, 7.5, 10.125], "texture": "#0"}
			}
		},
		{
			"from": [0.04, -10.62, 2.82],
			"to": [6.7, -6.92, 5.04],
			"rotation": {"angle": 0, "axis": "z", "origin": [-19.2, 2.7, -7.54]},
			"faces": {
				"north": {"uv": [6.625, 9.5, 7.75, 10.25], "texture": "#0"},
				"east": {"uv": [7.625, 9.5, 7.75, 10.25], "texture": "#0"},
				"south": {"uv": [6.625, 9.5, 7.75, 10.25], "texture": "#0"},
				"west": {"uv": [6.625, 9.5, 6.75, 10.25], "texture": "#0"},
				"up": {"uv": [6.625, 9.5, 7.75, 9.875], "texture": "#0"},
				"down": {"uv": [6.625, 10.125, 7.625, 10.25], "texture": "#0"}
			}
		},
		{
			"from": [8.18, -0.075, 2.8274],
			"to": [11.88, 3.625, 5.0622],
			"rotation": {"angle": -22.5, "axis": "z", "origin": [-19.2, 2.7, -7.54]},
			"faces": {
				"north": {"uv": [8.25, 9.5, 9, 10.25], "texture": "#0"},
				"east": {"uv": [7.625, 9.5, 7.75, 10.25], "texture": "#0"},
				"south": {"uv": [8.25, 9.5, 9, 10.25], "texture": "#0"},
				"west": {"uv": [6.625, 9.5, 6.75, 10.25], "texture": "#0"},
				"up": {"uv": [7.75, 9.5, 8.25, 10.125], "rotation": 90, "texture": "#0"},
				"down": {"uv": [8.25, 10.125, 9.125, 10.25], "texture": "#0"}
			}
		},
		{
			"from": [0.79, -9.38, 5.04],
			"to": [4.49, -5.68, 5.78],
			"rotation": {"angle": 0, "axis": "z", "origin": [-19.2, 2.7, -4.58]},
			"faces": {
				"north": {"uv": [7.25, 10, 7.5, 10.125], "texture": "#0"},
				"east": {"uv": [7.25, 10, 7.5, 10.125], "texture": "#0"},
				"south": {"uv": [7.25, 10, 7.5, 10.125], "texture": "#0"},
				"west": {"uv": [7.25, 10, 7.5, 10.125], "texture": "#0"},
				"up": {"uv": [7.25, 10, 7.5, 10.125], "texture": "#0"},
				"down": {"uv": [7.25, 10, 7.5, 10.125], "texture": "#0"}
			}
		},
		{
			"from": [0.04, -10.62, 5.78],
			"to": [6.7, -6.92, 8],
			"rotation": {"angle": 0, "axis": "z", "origin": [-19.2, 2.7, -4.58]},
			"faces": {
				"north": {"uv": [6.625, 9.5, 7.75, 10.25], "texture": "#0"},
				"east": {"uv": [7.625, 9.5, 7.75, 10.25], "texture": "#0"},
				"south": {"uv": [6.625, 9.5, 7.75, 10.25], "texture": "#0"},
				"west": {"uv": [6.625, 9.5, 6.75, 10.25], "texture": "#0"},
				"up": {"uv": [6.625, 9.5, 7.75, 9.875], "texture": "#0"},
				"down": {"uv": [6.625, 10.125, 7.625, 10.25], "texture": "#0"}
			}
		},
		{
			"from": [8.18, -0.075, 5.7874],
			"to": [11.88, 3.625, 8.0222],
			"rotation": {"angle": -22.5, "axis": "z", "origin": [-19.2, 2.7, -4.58]},
			"faces": {
				"north": {"uv": [8.25, 9.5, 9, 10.25], "texture": "#0"},
				"east": {"uv": [7.625, 9.5, 7.75, 10.25], "texture": "#0"},
				"south": {"uv": [8.25, 9.5, 9, 10.25], "texture": "#0"},
				"west": {"uv": [6.625, 9.5, 6.75, 10.25], "texture": "#0"},
				"up": {"uv": [7.75, 9.5, 8.25, 10.125], "rotation": 90, "texture": "#0"},
				"down": {"uv": [8.25, 10.125, 9.125, 10.25], "texture": "#0"}
			}
		},
		{
			"from": [12.44, 27.98, 7.26],
			"to": [14.66, 31.68, 10.22],
			"rotation": {"angle": 22.5, "axis": "z", "origin": [2.08, 10.96, 2.08]},
			"faces": {
				"north": {"uv": [7, 0.75, 7.375, 1.375], "texture": "#0"},
				"east": {"uv": [6.5, 0.75, 6.875, 1.375], "texture": "#0"},
				"south": {"uv": [6.125, 0.75, 6.5, 1.375], "texture": "#0"},
				"west": {"uv": [7.25, 0.75, 7.625, 1.375], "texture": "#0"},
				"up": {"uv": [0, 0, 3, 4], "texture": "#missing"},
				"down": {"uv": [0, 0, 3, 4], "texture": "#missing"}
			}
		},
		{
			"from": [12.44, 27.98, 7.26],
			"to": [15.4, 31.68, 10.22],
			"rotation": {"angle": -22.5, "axis": "z", "origin": [23.54, 53.14, 2.08]},
			"faces": {
				"north": {"uv": [7, 0.25, 7.25, 0.75], "texture": "#0"},
				"east": {"uv": [6.5, 0.25, 6.875, 0.75], "texture": "#0"},
				"south": {"uv": [6.125, 0.25, 6.375, 0.75], "texture": "#0"},
				"west": {"uv": [7.75, 0.5, 7.875, 1], "texture": "#0"},
				"up": {"uv": [7.875, 0.25, 8.375, 0.75], "texture": "#0"},
				"down": {"uv": [0, 0, 3, 4], "texture": "#missing"}
			}
		},
		{
			"from": [16.88, 26.5, 7.26],
			"to": [19.84, 30.2, 10.22],
			"rotation": {"angle": -22.5, "axis": "z", "origin": [23.54, 53.88, 2.08]},
			"faces": {
				"north": {"uv": [7, 2, 7.375, 2.5], "texture": "#0"},
				"east": {"uv": [6.5, 2, 7, 2.5], "texture": "#0"},
				"south": {"uv": [6.125, 2, 6.5, 2.5], "texture": "#0"},
				"west": {"uv": [7.375, 2, 7.875, 2.5], "texture": "#0"},
				"up": {"uv": [7.375, 2, 7.875, 2.5], "texture": "#0"},
				"down": {"uv": [0, 0, 3, 4], "texture": "#missing"}
			}
		},
		{
			"from": [21.801, 27.61, 7.26],
			"to": [24.909, 31.31, 10.22],
			"rotation": {"angle": -45, "axis": "z", "origin": [23.54, 47.22, 2.08]},
			"faces": {
				"north": {"uv": [7, 1.375, 7.375, 1.875], "texture": "#0"},
				"east": {"uv": [6.5, 1.375, 7, 1.875], "texture": "#0"},
				"south": {"uv": [6.125, 1.375, 6.5, 1.875], "texture": "#0"},
				"west": {"uv": [7.375, 1.375, 7.875, 1.875], "texture": "#0"},
				"up": {"uv": [7.875, 1.375, 8.375, 1.875], "texture": "#0"},
				"down": {"uv": [0, 0, 3, 4], "texture": "#missing"}
			}
		}
	],
	"display": {
		"thirdperson_righthand": {
			"rotation": [10, -10, -15],
			"translation": [-7, 80, -15.75],
			"scale": [4, 4, 4]
		},
		"thirdperson_lefthand": {
			"scale": [4, 4, 4]
		}
	}
}