{
	"credit": "Made with Blockbench",
	"textures": {
		"0": "custom/pink_head",
		"particle": "custom/pink_head"
	},
	"elements": [
		{
			"from": [4, 0, 4],
			"to": [12, 8, 12],
			"faces": {
				"north": {"uv": [9, 0, 13, 4.5], "texture": "#0"},
				"east": {"uv": [4, 0, 0, 4.5], "texture": "#0"},
				"south": {"uv": [4.5, 0, 8.5, 4.5], "texture": "#0"},
				"west": {"uv": [0, 0, 4, 4.5], "texture": "#0"},
				"up": {"uv": [9, 5.5, 13, 9.5], "texture": "#0"},
				"down": {"uv": [0, 4, 0.5, 4.5], "texture": "#0"}
			}
		},
		{
			"from": [4, -1, 4],
			"to": [4, 0, 6],
			"faces": {
				"north": {"uv": [0, 4.5, 1, 5], "texture": "#0"},
				"east": {"uv": [0, 4.5, 1, 5], "texture": "#0"},
				"south": {"uv": [0, 4.5, 1, 5], "texture": "#0"},
				"west": {"uv": [0, 4.5, 1, 5], "texture": "#0"},
				"up": {"uv": [0, 4.5, 1, 5], "texture": "#0"},
				"down": {"uv": [0, 4.5, 1, 5], "texture": "#0"}
			}
		},
		{
			"from": [4, -1, 7],
			"to": [4, 0, 9],
			"faces": {
				"north": {"uv": [0, 4.5, 1, 5], "texture": "#0"},
				"east": {"uv": [0, 4.5, 1, 5], "texture": "#0"},
				"south": {"uv": [0, 4.5, 1, 5], "texture": "#0"},
				"west": {"uv": [0, 4.5, 1, 5], "texture": "#0"},
				"up": {"uv": [0, 4.5, 1, 5], "texture": "#0"},
				"down": {"uv": [0, 4.5, 1, 5], "texture": "#0"}
			}
		},
		{
			"from": [4, -1, 10],
			"to": [4, 0, 12],
			"faces": {
				"north": {"uv": [0, 4.5, 1, 5], "texture": "#0"},
				"east": {"uv": [0, 4.5, 1, 5], "texture": "#0"},
				"south": {"uv": [0, 4.5, 1, 5], "texture": "#0"},
				"west": {"uv": [0, 4.5, 1, 5], "texture": "#0"},
				"up": {"uv": [0, 4.5, 1, 5], "texture": "#0"},
				"down": {"uv": [0, 4.5, 1, 5], "texture": "#0"}
			}
		},
		{
			"from": [12, -1, 4],
			"to": [12, 0, 6],
			"faces": {
				"north": {"uv": [0, 4.5, 1, 5], "texture": "#0"},
				"east": {"uv": [0, 4.5, 1, 5], "texture": "#0"},
				"south": {"uv": [0, 4.5, 1, 5], "texture": "#0"},
				"west": {"uv": [0, 4.5, 1, 5], "texture": "#0"},
				"up": {"uv": [0, 4.5, 1, 5], "texture": "#0"},
				"down": {"uv": [0, 4.5, 1, 5], "texture": "#0"}
			}
		},
		{
			"from": [12, -1, 7],
			"to": [12, 0, 9],
			"faces": {
				"north": {"uv": [0, 4.5, 1, 5], "texture": "#0"},
				"east": {"uv": [0, 4.5, 1, 5], "texture": "#0"},
				"south": {"uv": [0, 4.5, 1, 5], "texture": "#0"},
				"west": {"uv": [0, 4.5, 1, 5], "texture": "#0"},
				"up": {"uv": [0, 4.5, 1, 5], "texture": "#0"},
				"down": {"uv": [0, 4.5, 1, 5], "texture": "#0"}
			}
		},
		{
			"from": [12, -1, 10],
			"to": [12, 0, 12],
			"faces": {
				"north": {"uv": [0, 4.5, 1, 5], "texture": "#0"},
				"east": {"uv": [0, 4.5, 1, 5], "texture": "#0"},
				"south": {"uv": [0, 4.5, 1, 5], "texture": "#0"},
				"west": {"uv": [0, 4.5, 1, 5], "texture": "#0"},
				"up": {"uv": [0, 4.5, 1, 5], "texture": "#0"},
				"down": {"uv": [0, 4.5, 1, 5], "texture": "#0"}
			}
		},
		{
			"from": [10, -1, 4],
			"to": [12, 0, 4],
			"faces": {
				"north": {"uv": [0, 4.5, 1, 5], "texture": "#0"},
				"east": {"uv": [0, 4.5, 1, 5], "texture": "#0"},
				"south": {"uv": [0, 4.5, 1, 5], "texture": "#0"},
				"west": {"uv": [0, 4.5, 1, 5], "texture": "#0"},
				"up": {"uv": [0, 4.5, 1, 5], "texture": "#0"},
				"down": {"uv": [0, 4.5, 1, 5], "texture": "#0"}
			}
		},
		{
			"from": [7, -1, 4],
			"to": [9, 0, 4],
			"faces": {
				"north": {"uv": [0, 4.5, 1, 5], "texture": "#0"},
				"east": {"uv": [0, 4.5, 1, 5], "texture": "#0"},
				"south": {"uv": [0, 4.5, 1, 5], "texture": "#0"},
				"west": {"uv": [0, 4.5, 1, 5], "texture": "#0"},
				"up": {"uv": [0, 4.5, 1, 5], "texture": "#0"},
				"down": {"uv": [0, 4.5, 1, 5], "texture": "#0"}
			}
		},
		{
			"from": [4, -1, 4],
			"to": [6, 0, 4],
			"faces": {
				"north": {"uv": [0, 4.5, 1, 5], "texture": "#0"},
				"east": {"uv": [0, 4.5, 1, 5], "texture": "#0"},
				"south": {"uv": [0, 4.5, 1, 5], "texture": "#0"},
				"west": {"uv": [0, 4.5, 1, 5], "texture": "#0"},
				"up": {"uv": [0, 4.5, 1, 5], "texture": "#0"},
				"down": {"uv": [0, 4.5, 1, 5], "texture": "#0"}
			}
		},
		{
			"from": [10, -1, 12],
			"to": [12, 0, 12],
			"faces": {
				"north": {"uv": [0, 4.5, 1, 5], "texture": "#0"},
				"east": {"uv": [0, 4.5, 1, 5], "texture": "#0"},
				"south": {"uv": [0, 4.5, 1, 5], "texture": "#0"},
				"west": {"uv": [0, 4.5, 1, 5], "texture": "#0"},
				"up": {"uv": [0, 4.5, 1, 5], "texture": "#0"},
				"down": {"uv": [0, 4.5, 1, 5], "texture": "#0"}
			}
		},
		{
			"from": [7, -1, 12],
			"to": [9, 0, 12],
			"faces": {
				"north": {"uv": [0, 4.5, 1, 5], "texture": "#0"},
				"east": {"uv": [0, 4.5, 1, 5], "texture": "#0"},
				"south": {"uv": [0, 4.5, 1, 5], "texture": "#0"},
				"west": {"uv": [0, 4.5, 1, 5], "texture": "#0"},
				"up": {"uv": [0, 4.5, 1, 5], "texture": "#0"},
				"down": {"uv": [0, 4.5, 1, 5], "texture": "#0"}
			}
		},
		{
			"from": [7, 1.25, 16],
			"to": [9, 2.25, 16],
			"faces": {
				"north": {"uv": [0.5, 8, 1.5, 8.5], "texture": "#0"},
				"east": {"uv": [0.5, 8, 1.5, 8.5], "texture": "#0"},
				"south": {"uv": [0.5, 8, 1.5, 8.5], "texture": "#0"},
				"west": {"uv": [0.5, 8, 1.5, 8.5], "texture": "#0"},
				"up": {"uv": [0.5, 8, 1.5, 8.5], "texture": "#0"},
				"down": {"uv": [0.5, 8, 1.5, 8.5], "texture": "#0"}
			}
		},
		{
			"from": [4, -1, 12],
			"to": [6, 0, 12],
			"faces": {
				"north": {"uv": [0, 4.5, 1, 5], "texture": "#0"},
				"east": {"uv": [0, 4.5, 1, 5], "texture": "#0"},
				"south": {"uv": [0, 4.5, 1, 5], "texture": "#0"},
				"west": {"uv": [0, 4.5, 1, 5], "texture": "#0"},
				"up": {"uv": [0, 4.5, 1, 5], "texture": "#0"},
				"down": {"uv": [0, 4.5, 1, 5], "texture": "#0"}
			}
		},
		{
			"from": [6, 2.25, 12],
			"to": [10, 6.25, 16],
			"faces": {
				"north": {"uv": [9, 0, 13, 4.5], "texture": "#0"},
				"east": {"uv": [5, 5.5, 2.5, 8], "texture": "#0"},
				"south": {"uv": [0, 5.5, 2, 8], "texture": "#0"},
				"west": {"uv": [2.5, 5.5, 5, 8], "texture": "#0"},
				"up": {"uv": [0, 5.5, 2, 6], "texture": "#0"},
				"down": {"uv": [2.5, 7.5, 5, 8], "texture": "#0"}
			}
		}
	],
	"display": {
		"thirdperson_righthand": {
			"rotation": [55, 0, 0],
			"translation": [0, -0.25, -0.5],
			"scale": [0.5, 0.5, 0.5]
		},
		"thirdperson_lefthand": {
			"rotation": [55, 0, 0],
			"translation": [0, -0.25, -0.5],
			"scale": [0.5, 0.5, 0.5]
		},
		"firstperson_righthand": {
			"translation": [0, 5, 0]
		},
		"firstperson_lefthand": {
			"translation": [0, 5, 0]
		},
		"ground": {
			"translation": [0, 4.25, 0]
		},
		"gui": {
			"rotation": [0, -23, 0],
			"translation": [0, 3.25, 0]
		},
		"head": {
			"rotation": [0, -180, 0],
			"translation": [0, 8.75, 0],
			"scale": [2, 2, 2]
		},
		"fixed": {
			"rotation": [0, -180, 26],
			"translation": [0.75, 0.75, 0]
		}
	}
}