{
	"credit": "Made with Blockbench",
	"textures": {
		"0": "custom/purple_head",
		"particle": "custom/purple_head"
	},
	"elements": [
		{
			"from": [4, 0, 4],
			"to": [12, 8, 12],
			"faces": {
				"north": {"uv": [0, 0, 4, 4], "texture": "#0"},
				"east": {"uv": [8.5, 0, 4.5, 4], "texture": "#0"},
				"south": {"uv": [9, 0, 13, 4], "texture": "#0"},
				"west": {"uv": [4.5, 0, 8.5, 4], "texture": "#0"},
				"up": {"uv": [4.5, 4.5, 8.5, 8.5], "texture": "#0"},
				"down": {"uv": [4.5, 3.5, 8.5, 4], "texture": "#0"}
			}
		},
		{
			"from": [3, 0, 5],
			"to": [4, 6, 11],
			"faces": {
				"north": {"uv": [5.5, 1, 5, 4], "texture": "#0"},
				"east": {"uv": [0, 0, 6, 6], "texture": "#missing"},
				"south": {"uv": [8, 1, 7.5, 4], "texture": "#0"},
				"west": {"uv": [5, 1, 8, 4], "texture": "#0"},
				"up": {"uv": [5, 1, 8, 1.5], "rotation": 90, "texture": "#0"},
				"down": {"uv": [4.5, 3.5, 8.5, 4], "texture": "#0"}
			}
		},
		{
			"from": [12, 0, 5],
			"to": [13, 6, 11],
			"faces": {
				"north": {"uv": [5.5, 1, 5, 4], "texture": "#0"},
				"east": {"uv": [8, 1, 5, 4], "texture": "#0"},
				"south": {"uv": [8, 1, 7.5, 4], "texture": "#0"},
				"west": {"uv": [0, 0, 6, 6], "texture": "#missing"},
				"up": {"uv": [5, 1, 8, 1.5], "rotation": 90, "texture": "#0"},
				"down": {"uv": [4.5, 3.5, 8.5, 4], "texture": "#0"}
			}
		},
		{
			"from": [6.375, 10, 7.5],
			"to": [9.375, 14, 8.5],
			"rotation": {"angle": -22.5, "axis": "z", "origin": [0, 0, 0]},
			"faces": {
				"north": {"uv": [0, 5, 1.5, 7], "texture": "#0"},
				"east": {"uv": [0, 5, 0.5, 7], "texture": "#0"},
				"south": {"uv": [1.5, 5, 0, 7], "texture": "#0"},
				"west": {"uv": [1, 5, 1.5, 7], "texture": "#0"},
				"up": {"uv": [0, 5, 1.5, 5.5], "rotation": 180, "texture": "#0"},
				"down": {"uv": [0, 0, 3, 1], "texture": "#missing"}
			}
		},
		{
			"from": [5.375, 4, 7.5],
			"to": [8.375, 8, 8.5],
			"rotation": {"angle": 22.5, "axis": "z", "origin": [0, 0, 0]},
			"faces": {
				"north": {"uv": [1.5, 5, 0, 7], "texture": "#0"},
				"east": {"uv": [1, 5, 1.5, 7], "texture": "#0"},
				"south": {"uv": [0, 5, 1.5, 7], "texture": "#0"},
				"west": {"uv": [0, 5, 0.5, 7], "texture": "#0"},
				"up": {"uv": [0, 5, 1.5, 5.5], "texture": "#0"},
				"down": {"uv": [0, 0, 3, 1], "texture": "#missing"}
			}
		}
	],
	"display": {
		"thirdperson_righthand": {
			"rotation": [55, 0, 0],
			"translation": [0, -0.25, -0.5],
			"scale": [0.5, 0.5, 0.5]
		},
		"thirdperson_lefthand": {
			"rotation": [55, 0, 0],
			"translation": [0, -0.25, -0.5],
			"scale": [0.5, 0.5, 0.5]
		},
		"firstperson_righthand": {
			"translation": [0, 5, 0]
		},
		"firstperson_lefthand": {
			"translation": [0, 5, 0]
		},
		"ground": {
			"translation": [0, 4.25, 0]
		},
		"gui": {
			"rotation": [0, -23, 0],
			"translation": [0, 3.25, 0]
		},
		"head": {
			"rotation": [0, -180, 0],
			"translation": [0, 8.5, 0],
			"scale": [2, 2, 2]
		},
		"fixed": {
			"rotation": [0, -180, 26],
			"translation": [0.75, 0.75, 0]
		}
	}
}