{
	"credit": "Made with Blockbench",
	"textures": {
		"0": "custom/purple_pandas_mascot",
		"particle": "custom/purple_pandas_mascot"
	},
	"elements": [
		{
			"from": [-1.0428, 12.3892, -3.1296],
			"to": [17.0428, 29.7792, 11.478],
			"rotation": {"angle": 0, "axis": "y", "origin": [2.4352, 7.52, 2.4352]},
			"faces": {
				"north": {"uv": [0.125, 3.25, 3.375, 6.375], "texture": "#0"},
				"east": {"uv": [2.625, 0, 0, 3.125], "texture": "#0"},
				"south": {"uv": [2.625, 0, 5.875, 3.125], "texture": "#0"},
				"west": {"uv": [0, 0, 2.625, 3.125], "texture": "#0"},
				"up": {"uv": [5.875, 0, 9.125, 2.625], "texture": "#0"},
				"down": {"uv": [1.625, 5.125, 2.25, 6.25], "texture": "#0"}
			}
		},
		{
			"from": [2.4352, 13.7804, 11.478],
			"to": [13.5648, 20.0408, 14.956],
			"rotation": {"angle": 0, "axis": "y", "origin": [2.4352, 7.52, 2.4352]},
			"faces": {
				"north": {"uv": [0, 0, 16, 9], "texture": "#missing"},
				"east": {"uv": [13.25, 0.625, 13.875, 1.75], "texture": "#0"},
				"south": {"uv": [11.25, 0.625, 13.25, 1.75], "texture": "#0"},
				"west": {"uv": [10.625, 0.625, 11.25, 1.75], "texture": "#0"},
				"up": {"uv": [11.25, 0, 13.25, 0.625], "texture": "#0"},
				"down": {"uv": [11.25, 1.75, 13.25, 2.375], "texture": "#0"}
			}
		},
		{
			"from": [12.8692, 22.1276, 2.4352],
			"to": [19.1296, 28.388, 4.522],
			"rotation": {"angle": 45, "axis": "z", "origin": [2.4352, 7.52, 2.4352]},
			"faces": {
				"north": {"uv": [9.5, 1.125, 10.625, 2.25], "texture": "#0"},
				"east": {"uv": [9.125, 0, 9.5, 1.125], "texture": "#0"},
				"south": {"uv": [9.5, 0, 10.625, 1.125], "texture": "#0"},
				"west": {"uv": [9.125, 0, 9.5, 1.125], "texture": "#0"},
				"up": {"uv": [9.625, 0, 10.625, 0.125], "texture": "#0"},
				"down": {"uv": [0, 0, 9, 3], "texture": "#missing"}
			}
		},
		{
			"from": [-6.6076, 23.171, 2.4352],
			"to": [-0.3472, 29.4314, 4.522],
			"rotation": {"angle": -45, "axis": "z", "origin": [10.7824, 3.3464, 2.4352]},
			"faces": {
				"north": {"uv": [9.5, 1.125, 10.625, 2.25], "texture": "#0"},
				"east": {"uv": [9.125, 0, 9.5, 1.125], "texture": "#0"},
				"south": {"uv": [9.5, 0, 10.625, 1.125], "texture": "#0"},
				"west": {"uv": [9.125, 0, 9.5, 1.125], "texture": "#0"},
				"up": {"uv": [9.625, 0, 10.625, 0.125], "texture": "#0"},
				"down": {"uv": [0, 0, 9, 3], "texture": "#missing"}
			}
		},
		{
			"from": [-3.8252, -0.1316, -8.6944],
			"to": [19.8252, 27.6924, 10.0868],
			"rotation": {"angle": 22.5, "axis": "x", "origin": [2.4352, 16.5628, -27.4756]},
			"faces": {
				"north": {"uv": [10.125, 9.375, 14.375, 14.375], "texture": "#0"},
				"east": {"uv": [3.375, 6.75, 0, 11.75], "texture": "#0"},
				"south": {"uv": [3.5, 6.75, 7.75, 11.75], "texture": "#0"},
				"west": {"uv": [0, 6.75, 3.375, 11.75], "texture": "#0"},
				"up": {"uv": [3.5, 3.25, 7.75, 6.625], "texture": "#0"},
				"down": {"uv": [3.5, 9, 7.75, 11.75], "rotation": 180, "texture": "#0"}
			}
		},
		{
			"from": [-3.8252, 6.8244, 6.6088],
			"to": [3.8264, 14.476, 19.1296],
			"rotation": {"angle": 45, "axis": "x", "origin": [2.4352, 7.52, 2.4352]},
			"faces": {
				"north": {"uv": [0, 0, 11, 11], "texture": "#missing"},
				"east": {"uv": [12.25, 2.5, 13.625, 4.75], "rotation": 90, "texture": "#0"},
				"south": {"uv": [10.75, 4.875, 12.125, 6.25], "texture": "#0"},
				"west": {"uv": [9.25, 2.5, 10.625, 4.75], "rotation": 270, "texture": "#0"},
				"up": {"uv": [10.75, 2.5, 12.125, 4.75], "texture": "#0"},
				"down": {"uv": [13.75, 2.5, 15.125, 4.75], "rotation": 180, "texture": "#0"}
			}
		},
		{
			"from": [12.1736, 6.8244, 6.6088],
			"to": [19.8252, 14.476, 19.1296],
			"rotation": {"angle": 45, "axis": "x", "origin": [2.4352, 7.52, 2.4352]},
			"faces": {
				"north": {"uv": [0, 0, 11, 11], "texture": "#missing"},
				"east": {"uv": [10.625, 2.5, 9.25, 4.75], "rotation": 90, "texture": "#0"},
				"south": {"uv": [12.125, 4.875, 10.75, 6.25], "texture": "#0"},
				"west": {"uv": [13.625, 2.5, 12.25, 4.75], "rotation": 270, "texture": "#0"},
				"up": {"uv": [12.125, 2.5, 10.75, 4.75], "texture": "#0"},
				"down": {"uv": [15.125, 2.5, 13.75, 4.75], "rotation": 180, "texture": "#0"}
			}
		},
		{
			"from": [-6.6076, -15.194, -4.656],
			"to": [5.2176, -3.3688, 12.734],
			"rotation": {"angle": 0, "axis": "x", "origin": [2.4352, 10.3024, -22.6064]},
			"faces": {
				"north": {"uv": [12.25, 7.125, 12.375, 9.25], "texture": "#0"},
				"east": {"uv": [15.375, 7.125, 12.25, 9.25], "texture": "#0"},
				"south": {"uv": [10.125, 7.125, 12.125, 9.25], "texture": "#0"},
				"west": {"uv": [12.25, 7.125, 15.375, 9.25], "texture": "#0"},
				"up": {"uv": [12.25, 4.875, 15.375, 7], "rotation": 90, "texture": "#0"},
				"down": {"uv": [10.125, 9.125, 12.125, 9.25], "texture": "#0"}
			}
		},
		{
			"from": [10.7824, -15.194, -4.656],
			"to": [22.6076, -3.3688, 12.734],
			"rotation": {"angle": 0, "axis": "x", "origin": [2.4352, 10.3024, -22.6064]},
			"faces": {
				"north": {"uv": [12.25, 7.125, 12.375, 9.25], "texture": "#0"},
				"east": {"uv": [15.375, 7.125, 12.25, 9.25], "texture": "#0"},
				"south": {"uv": [12.125, 7.125, 10.125, 9.25], "texture": "#0"},
				"west": {"uv": [12.25, 7.125, 15.375, 9.25], "texture": "#0"},
				"up": {"uv": [12.25, 4.875, 15.375, 7], "rotation": 90, "texture": "#0"},
				"down": {"uv": [10.125, 9.125, 12.125, 9.25], "texture": "#0"}
			}
		}
	],
	"display": {
		"thirdperson_righthand": {
			"rotation": [5, 175, 5],
			"translation": [-7, 80, 0],
			"scale": [4, 4, 4]
		}
	}
}