{
	"credit": "Made with Blockbench",
	"textures": {
		"0": "custom/merch",
		"particle": "custom/merch"
	},
	"elements": [
		{
			"from": [-16, 0, 0],
			"to": [32, 20, 6],
			"faces": {
				"north": {"uv": [0, 0, 0.25, 6], "texture": "#0"},
				"east": {"uv": [0, 0, 0.25, 6], "texture": "#0"},
				"south": {"uv": [0, 0, 14, 6], "texture": "#0"},
				"west": {"uv": [0, 0, 0.25, 6], "texture": "#0"},
				"up": {"uv": [0, 0, 13.75, 0.25], "texture": "#0"},
				"down": {"uv": [0, 5.75, 14, 6], "texture": "#0"}
			}
		}
	]
}