{
	"credit": "Made with Blockbench",
	"textures": {
		"particle": "#texture"
	},
	"elements": [
		{
			"from": [0, 0, 13],
			"to": [16, 3, 16],
			"faces": {
				"north": {"uv": [0, 13, 16, 16], "texture": "#texture"},
				"east": {"uv": [13, 13, 16, 16], "texture": "#texture"},
				"south": {"uv": [16, 13, 0, 16], "texture": "#texture"},
				"west": {"uv": [13, 13, 16, 16], "rotation": 90, "texture": "#texture"},
				"up": {"uv": [0, 16, 16, 13], "texture": "#texture", "cullface": "up"},
				"down": {"uv": [0, 13, 16, 16], "texture": "#texture"}
			}
		},
		{
			"from": [0, 6, 13],
			"to": [16, 10, 16],
			"faces": {
				"north": {"uv": [0, 6, 16, 10], "texture": "#texture"},
				"east": {"uv": [13, 6, 16, 10], "texture": "#texture"},
				"south": {"uv": [0, 6, 16, 10], "texture": "#texture"},
				"west": {"uv": [13, 6, 16, 10], "rotation": 180, "texture": "#texture"},
				"up": {"uv": [0, 16, 16, 13], "texture": "#texture", "cullface": "up"},
				"down": {"uv": [0, 13, 16, 16], "texture": "#texture", "cullface": "down"}
			}
		},
		{
			"from": [0, 13, 13],
			"to": [16, 16, 16],
			"faces": {
				"north": {"uv": [0, 0, 16, 3], "texture": "#texture"},
				"east": {"uv": [13, 0, 16, 3], "texture": "#texture"},
				"south": {"uv": [16, 0, 0, 3], "texture": "#texture"},
				"west": {"uv": [13, 0, 16, 3], "rotation": 270, "texture": "#texture"},
				"up": {"uv": [0, 13, 16, 16], "texture": "#texture"},
				"down": {"uv": [0, 16, 16, 13], "rotation": 180, "texture": "#texture", "cullface": "up"}
			}
		},
		{
			"from": [0, 10, 13],
			"to": [3, 13, 16],
			"faces": {
				"north": {"uv": [13, 3, 16, 6], "texture": "#texture"},
				"east": {"uv": [13, 3, 16, 6], "texture": "#texture"},
				"south": {"uv": [13, 3, 16, 6], "rotation": 180, "texture": "#texture"},
				"west": {"uv": [13, 3, 16, 6], "rotation": 180, "texture": "#texture"},
				"up": {"uv": [0, 16, 16, 13], "texture": "#texture", "cullface": "up"},
				"down": {"uv": [0, 13, 16, 16], "texture": "#texture", "cullface": "down"}
			}
		},
		{
			"from": [13, 10, 13],
			"to": [16, 13, 16],
			"faces": {
				"north": {"uv": [0, 3, 3, 6], "texture": "#texture"},
				"east": {"uv": [13, 3, 16, 6], "texture": "#texture"},
				"south": {"uv": [0, 3, 3, 6], "rotation": 180, "texture": "#texture"},
				"west": {"uv": [13, 3, 16, 6], "rotation": 180, "texture": "#texture"},
				"up": {"uv": [0, 16, 16, 13], "texture": "#texture", "cullface": "up"},
				"down": {"uv": [0, 13, 16, 16], "texture": "#texture", "cullface": "down"}
			}
		},
		{
			"from": [13, 3, 13],
			"to": [16, 6, 16],
			"faces": {
				"north": {"uv": [0, 10, 3, 13], "texture": "#texture"},
				"east": {"uv": [13, 10, 16, 13], "texture": "#texture"},
				"south": {"uv": [0, 10, 3, 13], "rotation": 180, "texture": "#texture"},
				"west": {"uv": [13, 10, 16, 13], "rotation": 180, "texture": "#texture"},
				"up": {"uv": [0, 16, 16, 13], "texture": "#texture", "cullface": "up"},
				"down": {"uv": [0, 13, 16, 16], "texture": "#texture", "cullface": "down"}
			}
		},
		{
			"from": [0, 3, 13],
			"to": [3, 6, 16],
			"faces": {
				"north": {"uv": [13, 10, 16, 13], "texture": "#texture"},
				"east": {"uv": [13, 10, 16, 13], "texture": "#texture"},
				"south": {"uv": [13, 10, 16, 13], "rotation": 180, "texture": "#texture"},
				"west": {"uv": [13, 10, 16, 13], "rotation": 180, "texture": "#texture"},
				"up": {"uv": [0, 16, 16, 13], "texture": "#texture", "cullface": "up"},
				"down": {"uv": [0, 13, 16, 16], "texture": "#texture", "cullface": "down"}
			}
		},
		{
			"from": [6, 3, 13],
			"to": [10, 6, 16],
			"faces": {
				"north": {"uv": [6, 10, 10, 13], "texture": "#texture"},
				"east": {"uv": [13, 10, 16, 13], "texture": "#texture", "cullface": "east"},
				"south": {"uv": [6, 10, 10, 13], "rotation": 180, "texture": "#texture"},
				"west": {"uv": [13, 10, 16, 13], "rotation": 180, "texture": "#texture", "cullface": "east"},
				"up": {"uv": [0, 16, 16, 13], "texture": "#texture", "cullface": "up"},
				"down": {"uv": [0, 13, 16, 16], "texture": "#texture", "cullface": "down"}
			}
		},
		{
			"from": [6, 10, 13],
			"to": [10, 13, 16],
			"faces": {
				"north": {"uv": [6, 3, 10, 6], "texture": "#texture"},
				"east": {"uv": [13, 3, 16, 6], "texture": "#texture", "cullface": "east"},
				"south": {"uv": [6, 3, 10, 6], "rotation": 180, "texture": "#texture"},
				"west": {"uv": [13, 3, 16, 6], "rotation": 180, "texture": "#texture", "cullface": "east"},
				"up": {"uv": [0, 16, 16, 13], "texture": "#texture", "cullface": "up"},
				"down": {"uv": [0, 13, 16, 16], "texture": "#texture", "cullface": "down"}
			}
		}
	]
}