{
	"credit": "Made with Blockbench",
	"parent": "block/thin_block",
	"textures": {
		"particle": "#texture"
	},
	"elements": [
		{
			"from": [0, 13, 0],
			"to": [16, 16, 3],
			"faces": {
				"north": {"uv": [0, 13, 16, 16], "texture": "#texture"},
				"east": {"uv": [13, 13, 16, 16], "texture": "#texture"},
				"south": {"uv": [0, 13, 16, 16], "texture": "#texture"},
				"west": {"uv": [0, 13, 3, 16], "texture": "#texture"},
				"up": {"uv": [0, 0, 16, 3], "texture": "#texture"},
				"down": {"uv": [0, 0, 16, 3], "rotation": 180, "texture": "#texture"}
			}
		},
		{
			"from": [0, 13, 13],
			"to": [16, 16, 16],
			"faces": {
				"north": {"uv": [0, 13, 16, 16], "texture": "#texture"},
				"east": {"uv": [0, 13, 3, 16], "texture": "#texture"},
				"south": {"uv": [0, 13, 16, 16], "texture": "#texture"},
				"west": {"uv": [13, 13, 16, 16], "texture": "#texture"},
				"up": {"uv": [0, 13, 16, 16], "texture": "#texture"},
				"down": {"uv": [0, 13, 16, 16], "rotation": 180, "texture": "#texture"}
			}
		},
		{
			"from": [0, 13, 6],
			"to": [16, 16, 10],
			"faces": {
				"north": {"uv": [0, 13, 16, 16], "texture": "#texture"},
				"east": {"uv": [6, 13, 10, 16], "texture": "#texture"},
				"south": {"uv": [0, 13, 16, 16], "texture": "#texture"},
				"west": {"uv": [6, 13, 10, 16], "texture": "#texture"},
				"up": {"uv": [0, 6, 16, 10], "texture": "#texture"},
				"down": {"uv": [0, 6, 16, 10], "rotation": 180, "texture": "#texture"}
			}
		},
		{
			"from": [0, 13, 3],
			"to": [3, 16, 6],
			"faces": {
				"north": {"uv": [0, 16, 16, 13], "texture": "#texture", "cullface": "north"},
				"east": {"uv": [3, 13, 6, 16], "texture": "#texture"},
				"south": {"uv": [0, 16, 16, 13], "texture": "#texture", "cullface": "south"},
				"west": {"uv": [3, 13, 6, 16], "texture": "#texture"},
				"up": {"uv": [0, 3, 3, 6], "texture": "#texture"},
				"down": {"uv": [0, 3, 3, 6], "rotation": 180, "texture": "#texture"}
			}
		},
		{
			"from": [13, 13, 3],
			"to": [16, 16, 6],
			"faces": {
				"north": {"uv": [0, 16, 16, 13], "texture": "#texture", "cullface": "north"},
				"east": {"uv": [10, 13, 13, 16], "texture": "#texture"},
				"south": {"uv": [0, 16, 16, 13], "texture": "#texture", "cullface": "south"},
				"west": {"uv": [10, 13, 13, 16], "texture": "#texture"},
				"up": {"uv": [13, 3, 16, 6], "texture": "#texture"},
				"down": {"uv": [13, 3, 16, 6], "rotation": 180, "texture": "#texture"}
			}
		},
		{
			"from": [13, 13, 10],
			"to": [16, 16, 13],
			"faces": {
				"north": {"uv": [0, 16, 16, 13], "texture": "#texture", "cullface": "north"},
				"east": {"uv": [3, 13, 6, 16], "texture": "#texture"},
				"south": {"uv": [0, 16, 16, 13], "texture": "#texture", "cullface": "south"},
				"west": {"uv": [3, 13, 6, 16], "texture": "#texture"},
				"up": {"uv": [13, 10, 16, 13], "texture": "#texture"},
				"down": {"uv": [13, 10, 16, 13], "rotation": 180, "texture": "#texture"}
			}
		},
		{
			"from": [0, 13, 10],
			"to": [3, 16, 13],
			"faces": {
				"north": {"uv": [0, 16, 16, 13], "texture": "#texture", "cullface": "north"},
				"east": {"uv": [10, 13, 13, 16], "texture": "#texture"},
				"south": {"uv": [0, 16, 16, 13], "texture": "#texture", "cullface": "south"},
				"west": {"uv": [10, 13, 13, 16], "texture": "#texture"},
				"up": {"uv": [0, 10, 3, 13], "texture": "#texture"},
				"down": {"uv": [0, 10, 3, 13], "rotation": 180, "texture": "#texture"}
			}
		},
		{
			"from": [6, 13, 10],
			"to": [10, 16, 13],
			"faces": {
				"north": {"uv": [0, 16, 16, 13], "texture": "#texture", "cullface": "north"},
				"east": {"uv": [0, 16, 16, 13], "texture": "#texture", "cullface": "east"},
				"south": {"uv": [0, 16, 16, 13], "texture": "#texture", "cullface": "south"},
				"west": {"uv": [0, 16, 16, 13], "texture": "#texture", "cullface": "west"},
				"up": {"uv": [6, 10, 10, 13], "texture": "#texture"},
				"down": {"uv": [6, 10, 10, 13], "rotation": 180, "texture": "#texture"}
			}
		},
		{
			"from": [6, 13, 3],
			"to": [10, 16, 6],
			"faces": {
				"north": {"uv": [0, 16, 16, 13], "texture": "#texture", "cullface": "north"},
				"east": {"uv": [0, 16, 16, 13], "texture": "#texture", "cullface": "east"},
				"south": {"uv": [0, 16, 16, 13], "texture": "#texture", "cullface": "south"},
				"west": {"uv": [0, 16, 16, 13], "texture": "#texture", "cullface": "west"},
				"up": {"uv": [6, 4, 10, 7], "texture": "#texture"},
				"down": {"uv": [6, 4, 10, 7], "rotation": 180, "texture": "#texture"}
			}
		}
	]
}