{
	"credit": "Made with Blockbench",
	"textures": {
		"0": "custom/purple_foam",
		"particle": "custom/purple_foam"
	},
	"elements": [
		{
			"from": [1, 15, 6.1],
			"to": [6, 25, 8.9],
			"rotation": {"angle": 0, "axis": "y", "origin": [0, 3, 0]},
			"faces": {
				"north": {"uv": [13, 0, 15.5, 5.5], "texture": "#0"},
				"east": {"uv": [13, 0, 13.5, 0.5], "texture": "#0"},
				"south": {"uv": [15.5, 0, 13, 5.5], "texture": "#0"},
				"west": {"uv": [15, 0, 15.5, 5.5], "texture": "#0"},
				"up": {"uv": [13, 0, 15.5, 0.5], "texture": "#0"},
				"down": {"uv": [13, 5, 15.5, 5.5], "rotation": 180, "texture": "#0"}
			}
		},
		{
			"from": [0, 1, 6],
			"to": [9, 15, 8.925],
			"rotation": {"angle": 0, "axis": "y", "origin": [0, 3, 0]},
			"faces": {
				"north": {"uv": [11.5, 6, 16, 13], "texture": "#0"},
				"east": {"uv": [11.5, 6, 12, 12], "texture": "#0"},
				"south": {"uv": [4.5, 6, 0, 13], "texture": "#0"},
				"west": {"uv": [15.5, 6, 16, 12], "texture": "#0"},
				"up": {"uv": [11.5, 6, 16, 6.5], "rotation": 180, "texture": "#0"},
				"down": {"uv": [11.5, 12.5, 16, 13], "rotation": 180, "texture": "#0"}
			}
		},
		{
			"from": [1, 3, 8],
			"to": [2, 13, 9],
			"rotation": {"angle": 0, "axis": "y", "origin": [0, 3, 0]},
			"faces": {
				"north": {"uv": [3.5, 7, 4, 12.5], "texture": "#0"},
				"east": {"uv": [3.5, 7, 4, 12.5], "texture": "#0"},
				"south": {"uv": [3.5, 7, 4, 12.5], "texture": "#0"},
				"west": {"uv": [3.5, 7, 4, 12.5], "texture": "#0"},
				"up": {"uv": [3.5, 7, 4, 12.5], "texture": "#0"},
				"down": {"uv": [3.5, 7, 4, 12.5], "texture": "#0"}
			}
		},
		{
			"from": [2, 13, 8],
			"to": [3, 23, 9],
			"rotation": {"angle": 0, "axis": "y", "origin": [0, 3, 0]},
			"faces": {
				"north": {"uv": [3.5, 7, 4, 12.5], "texture": "#0"},
				"east": {"uv": [3.5, 7, 4, 12.5], "texture": "#0"},
				"south": {"uv": [3.5, 7, 4, 12.5], "texture": "#0"},
				"west": {"uv": [3.5, 7, 4, 12.5], "texture": "#0"},
				"up": {"uv": [3.5, 7, 4, 12.5], "texture": "#0"},
				"down": {"uv": [3.5, 7, 4, 12.5], "texture": "#0"}
			}
		},
		{
			"from": [3.75, 7.75, 8],
			"to": [10.75, 13.75, 9],
			"rotation": {"angle": 0, "axis": "y", "origin": [0, 3, 0]},
			"faces": {
				"north": {"uv": [0.5, 0.5, 1, 3.5], "texture": "#0"},
				"east": {"uv": [0.5, 0.5, 1, 3.5], "texture": "#0"},
				"south": {"uv": [0.5, 0.5, 4, 3.5], "texture": "#0"},
				"west": {"uv": [0.5, 0.5, 1, 3.5], "texture": "#0"},
				"up": {"uv": [0.5, 0.5, 1, 3.5], "texture": "#0"},
				"down": {"uv": [0.5, 0.5, 1, 3.5], "texture": "#0"}
			}
		},
		{
			"from": [9, 1, 6],
			"to": [12, 5, 9],
			"rotation": {"angle": 0, "axis": "y", "origin": [0, 3, 0]},
			"faces": {
				"north": {"uv": [5, 12.5, 6.5, 14.5], "texture": "#0"},
				"east": {"uv": [5, 12.5, 5.5, 14.5], "texture": "#0"},
				"south": {"uv": [6.5, 12.5, 5, 14.5], "texture": "#0"},
				"west": {"uv": [15.5, 6, 16, 12], "texture": "#0"},
				"up": {"uv": [5, 12.5, 6.5, 13], "texture": "#0"},
				"down": {"uv": [5, 14, 6.5, 14.5], "texture": "#0"}
			}
		},
		{
			"from": [-1.25, 8.25, 6.05],
			"to": [10.75, 20.25, 8.95],
			"rotation": {"angle": -22.5, "axis": "z", "origin": [0, 3, 0]},
			"faces": {
				"north": {"uv": [5, 6, 11, 12], "texture": "#0"},
				"east": {"uv": [5, 6, 5.5, 12], "texture": "#0"},
				"south": {"uv": [5, 0, 11, 6], "texture": "#0"},
				"west": {"uv": [10.5, 6, 11, 12], "texture": "#0"},
				"up": {"uv": [5, 6, 11, 6.5], "rotation": 180, "texture": "#0"},
				"down": {"uv": [5, 11.5, 11, 12], "rotation": 180, "texture": "#0"}
			}
		}
	],
	"display": {
		"thirdperson_righthand": {
			"rotation": [-68, 90, 0],
			"translation": [0.75, -2, -2.25],
			"scale": [0.6, 0.6, 0.6]
		},
		"thirdperson_lefthand": {
			"rotation": [-68, -90, 0],
			"translation": [0, -2, -2.25],
			"scale": [0.6, 0.6, 0.6]
		},
		"firstperson_righthand": {
			"rotation": [0, 90, -20],
			"translation": [2, 0.75, 0],
			"scale": [0.5, 0.5, 0.5]
		},
		"firstperson_lefthand": {
			"rotation": [0, -90, 20],
			"translation": [2, 0.75, 0],
			"scale": [0.5, 0.5, 0.5]
		},
		"ground": {
			"rotation": [-90, 0, 0]
		},
		"gui": {
			"rotation": [23, -147, 0],
			"translation": [-0.25, -2.75, 0],
			"scale": [0.6, 0.6, 0.6]
		}
	}
}