{
	"credit": "Made with Blockbench",
	"textures": {
		"0": "block/LGBTQIA_flag",
		"1": "block/quartz_block_side",
		"2": "block/gold_block",
		"particle": "block/LGBTQIA_flag"
	},
	"elements": [
		{
			"from": [0, -16, 14.25],
			"to": [16, 16, 14.75],
			"faces": {
				"north": {"uv": [0, 0, 16, 16], "texture": "#0"},
				"east": {"uv": [0, 0, 0.22222, 16], "texture": "#0"},
				"south": {"uv": [0, 0, 16, 16], "texture": "#0"},
				"west": {"uv": [15.77778, 0, 16, 16], "texture": "#0"},
				"up": {"uv": [0, 0, 16, 0.22222], "texture": "#0"},
				"down": {"uv": [0, 15.77778, 16, 16], "rotation": 180, "texture": "#0"}
			}
		},
		{
			"from": [0, 16, 14],
			"to": [16, 17, 15],
			"faces": {
				"north": {"uv": [0, 0, 16, 16], "texture": "#1"},
				"east": {"uv": [0, 0, 16, 16], "texture": "#1"},
				"south": {"uv": [0, 0, 16, 16], "texture": "#1"},
				"west": {"uv": [0, 0, 16, 16], "texture": "#1"},
				"up": {"uv": [0, 0, 16, 16], "texture": "#1"},
				"down": {"uv": [0, 0, 16, 16], "texture": "#1"}
			}
		},
		{
			"from": [16, 15, 13],
			"to": [17, 18, 16],
			"faces": {
				"north": {"uv": [15, 0, 16, 16], "texture": "#2"},
				"east": {"uv": [0, 0, 16, 16], "texture": "#2"},
				"south": {"uv": [0, 0, 1, 16], "texture": "#2"},
				"west": {"uv": [0, 0, 16, 16], "texture": "#2"},
				"up": {"uv": [0, 0, 16, 1], "rotation": 90, "texture": "#2"},
				"down": {"uv": [0, 15, 16, 16], "rotation": 90, "texture": "#2"}
			}
		},
		{
			"from": [-1, 15, 13],
			"to": [0, 18, 16],
			"faces": {
				"north": {"uv": [15, 0, 16, 16], "texture": "#2"},
				"east": {"uv": [0, 0, 16, 16], "texture": "#2"},
				"south": {"uv": [0, 0, 1, 16], "texture": "#2"},
				"west": {"uv": [0, 0, 16, 16], "texture": "#2"},
				"up": {"uv": [0, 0, 16, 1], "rotation": 90, "texture": "#2"},
				"down": {"uv": [0, 15, 16, 16], "rotation": 90, "texture": "#2"}
			}
		}
	]
}