{
	"credit": "Made with Blockbench",
	"ambientocclusion": false,
	"textures": {
		"0": "block/better_pot",
		"particle": "block/better_pot"
	},
	"elements": [
		{
			"from": [8, 0, 8],
			"to": [24, 14, 24],
			"faces": {
				"north": {"uv": [0, 1, 8, 8], "texture": "#0"},
				"east": {"uv": [0, 1, 8, 8], "texture": "#0"},
				"south": {"uv": [0, 1, 8, 8], "texture": "#0"},
				"west": {"uv": [0, 1, 8, 8], "texture": "#0"},
				"up": {"uv": [8, 0, 16, 8], "texture": "#0"},
				"down": {"uv": [0, 7.5, 0.5, 8], "texture": "#0"}
			}
		},
		{
			"from": [12, 14, 12],
			"to": [20, 16, 20],
			"faces": {
				"north": {"uv": [0, 8, 4, 9], "texture": "#0"},
				"east": {"uv": [0, 8, 4, 9], "texture": "#0"},
				"south": {"uv": [0, 8, 4, 9], "texture": "#0"},
				"west": {"uv": [0, 8, 4, 9], "texture": "#0"},
				"up": {"uv": [10, 2, 14, 6], "texture": "#0"},
				"down": {"uv": [10, 2, 14, 6], "texture": "#0"}
			}
		}
	]
}