{
	"credit": "Made with Blockbench",
	"ambientocclusion": false,
	"textures": {
		"particle": "block/iron_bars",
		"edge": "block/iron_bars"
	},
	"elements": [
		{
			"from": [7.001, 0, 7.001],
			"to": [8.999, 16, 8.998],
			"faces": {
				"north": {"uv": [7, 7, 9, 9], "texture": "#edge"},
				"east": {"uv": [7, 7, 9, 9], "texture": "#edge"},
				"south": {"uv": [7, 7, 9, 9], "texture": "#edge"},
				"west": {"uv": [7, 7, 9, 9], "texture": "#edge"},
				"up": {"uv": [7, 7, 9, 9], "texture": "#edge"},
				"down": {"uv": [7, 7, 9, 9], "texture": "#edge"}
			}
		}
	]
}