{
	"credit": "Made with Blockbench",
	"ambientocclusion": false,
	"textures": {
		"particle": "block/iron_bars",
		"bars": "block/iron_bars"
	},
	"elements": [
		{
			"from": [7, 1, 7],
			"to": [9, 15, 8],
			"faces": {
				"north": {"uv": [7, 1, 9, 15], "texture": "#bars"},
				"east": {"uv": [7, 1, 8, 15], "texture": "#bars"},
				"south": {"uv": [7, 1, 9, 15], "texture": "#bars"},
				"west": {"uv": [7, 1, 8, 15], "texture": "#bars"},
				"up": {"uv": [2, 0, 4, 2], "texture": "#bars"},
				"down": {"uv": [2, 0, 4, 2], "texture": "#bars"}
			}
		},
		{
			"from": [7, 1, 2],
			"to": [9, 15, 4],
			"faces": {
				"north": {"uv": [12, 1, 14, 15], "texture": "#bars"},
				"east": {"uv": [12, 1, 14, 15], "texture": "#bars"},
				"south": {"uv": [12, 1, 14, 15], "texture": "#bars"},
				"west": {"uv": [12, 1, 14, 15], "texture": "#bars"},
				"up": {"uv": [2, 0, 4, 2], "texture": "#bars"},
				"down": {"uv": [2, 0, 4, 2], "texture": "#bars"}
			}
		},
		{
			"from": [7, 15, 0],
			"to": [9, 16, 8],
			"faces": {
				"north": {"uv": [9, 12, 12, 14], "texture": "#bars"},
				"east": {"uv": [9, 12, 12, 14], "texture": "#bars"},
				"south": {"uv": [9, 12, 12, 14], "texture": "#bars"},
				"west": {"uv": [9, 12, 12, 14], "texture": "#bars"},
				"up": {"uv": [9, 12, 12, 14], "texture": "#bars"},
				"down": {"uv": [9, 12, 12, 14], "texture": "#bars"}
			}
		},
		{
			"from": [7, 0, 0],
			"to": [9, 1, 8],
			"faces": {
				"north": {"uv": [9, 12, 12, 14], "texture": "#bars"},
				"east": {"uv": [9, 12, 12, 14], "texture": "#bars"},
				"south": {"uv": [9, 12, 12, 14], "texture": "#bars"},
				"west": {"uv": [9, 12, 12, 14], "texture": "#bars"},
				"up": {"uv": [9, 12, 12, 14], "texture": "#bars"},
				"down": {"uv": [9, 12, 12, 14], "texture": "#bars"}
			}
		}
	]
}