{
	"credit": "Made with Blockbench",
	"textures": {
		"0": "block/noxcola_automat",
		"1": "block/noxcola_vis",
		"2": "block/noxcola",
		"particle": "block/noxcola_automat"
	},
	"elements": [
		{
			"from": [0, -16, 0],
			"to": [16.25, -14, 32],
			"faces": {
				"north": {"uv": [0, 0, 0.25, 0.25], "texture": "#0"},
				"east": {"uv": [0, 0, 0, 0], "texture": "#0"},
				"south": {"uv": [0, 0, 0.25, 0.25], "texture": "#0"},
				"west": {"uv": [0, 0, 0.25, 0.25], "texture": "#0"},
				"up": {"uv": [0, 0, 0.25, 0.25], "texture": "#0"},
				"down": {"uv": [0, 0, 0.25, 0.25], "texture": "#0"}
			}
		},
		{
			"from": [3, -16, -8],
			"to": [4, -15, 0],
			"faces": {
				"north": {"uv": [0, 0, 0.25, 0.25], "texture": "#0"},
				"east": {"uv": [0, 0, 0, 0], "texture": "#0"},
				"south": {"uv": [0, 0, 0.25, 0.25], "texture": "#0"},
				"west": {"uv": [0, 0, 0.25, 0.25], "texture": "#0"},
				"up": {"uv": [0, 0, 0.25, 0.25], "texture": "#0"},
				"down": {"uv": [0, 0, 0.25, 0.25], "texture": "#0"}
			}
		},
		{
			"from": [3, -15, -8],
			"to": [4, -8, -7],
			"faces": {
				"north": {"uv": [0, 0, 0.25, 0.25], "texture": "#0"},
				"east": {"uv": [0, 0, 0, 0], "texture": "#0"},
				"south": {"uv": [0, 0, 0.25, 0.25], "texture": "#0"},
				"west": {"uv": [0, 0, 0.25, 0.25], "texture": "#0"},
				"up": {"uv": [0, 0, 0.25, 0.25], "texture": "#0"},
				"down": {"uv": [0, 0, 0.25, 0.25], "texture": "#0"}
			}
		},
		{
			"from": [2, -9, -8],
			"to": [3, -8, -7],
			"faces": {
				"north": {"uv": [0, 0, 0.25, 0.25], "texture": "#0"},
				"east": {"uv": [0, 0, 0, 0], "texture": "#0"},
				"south": {"uv": [0, 0, 0.25, 0.25], "texture": "#0"},
				"west": {"uv": [0, 0, 0.25, 0.25], "texture": "#0"},
				"up": {"uv": [0, 0, 0.25, 0.25], "texture": "#0"},
				"down": {"uv": [0, 0, 0.25, 0.25], "texture": "#0"}
			}
		},
		{
			"from": [1, -11.5, -10.5],
			"to": [2, -5.5, -4.5],
			"faces": {
				"north": {"uv": [0.5, 9, 1, 12], "texture": "#1"},
				"east": {"uv": [0.5, 9, 3.5, 12], "texture": "#1"},
				"south": {"uv": [0.5, 9, 1, 12], "texture": "#1"},
				"west": {"uv": [0.5, 9, 1, 12], "texture": "#1"},
				"up": {"uv": [0.5, 9, 1, 12], "texture": "#1"},
				"down": {"uv": [0.5, 9, 1, 12], "texture": "#1"}
			}
		},
		{
			"from": [0, 30, 0],
			"to": [16.25, 32, 32],
			"faces": {
				"north": {"uv": [0, 0, 0.25, 0.25], "texture": "#0"},
				"east": {"uv": [0, 0, 0.25, 0.25], "texture": "#0"},
				"south": {"uv": [0, 0, 0.25, 0.25], "texture": "#0"},
				"west": {"uv": [0, 0, 0.25, 0.25], "texture": "#0"},
				"up": {"uv": [0, 0, 0.25, 0.25], "texture": "#0"},
				"down": {"uv": [0, 0, 0.25, 0.25], "texture": "#0"}
			}
		},
		{
			"from": [0, -14, 0],
			"to": [16, -7, 32],
			"faces": {
				"north": {"uv": [0, 14, 2, 16], "texture": "#0"},
				"east": {"uv": [0, 14, 2, 16], "texture": "#0"},
				"south": {"uv": [0, 14, 2, 16], "texture": "#0"},
				"west": {"uv": [0, 14, 2, 16], "texture": "#0"},
				"up": {"uv": [0, 14, 2, 16], "texture": "#0"},
				"down": {"uv": [0, 14, 2, 16], "texture": "#0"}
			}
		},
		{
			"from": [0, -7, 30],
			"to": [16, -2, 32],
			"faces": {
				"north": {"uv": [0, 12, 2, 14], "texture": "#0"},
				"east": {"uv": [0, 12, 2, 14], "texture": "#0"},
				"south": {"uv": [0, 12, 2, 14], "texture": "#0"},
				"west": {"uv": [0, 12, 2, 14], "texture": "#0"},
				"up": {"uv": [0, 12, 2, 14], "texture": "#0"},
				"down": {"uv": [0, 12, 2, 14], "texture": "#0"}
			}
		},
		{
			"from": [0, 0, 30],
			"to": [16, 30, 32],
			"faces": {
				"north": {"uv": [0, 2, 1, 11], "texture": "#0"},
				"east": {"uv": [0, 2, 1, 11], "texture": "#0"},
				"south": {"uv": [0, 2, 1, 11], "texture": "#0"},
				"west": {"uv": [0, 2, 1, 11], "texture": "#0"},
				"up": {"uv": [0, 2, 1, 11], "texture": "#0"},
				"down": {"uv": [0, 2, 1, 11], "texture": "#0"}
			}
		},
		{
			"from": [0, 0, 0],
			"to": [16, 30, 12],
			"faces": {
				"north": {"uv": [0, 2, 1, 11], "texture": "#0"},
				"east": {"uv": [0, 2, 1, 11], "texture": "#0"},
				"south": {"uv": [0, 2, 1, 11], "texture": "#0"},
				"west": {"uv": [0, 2, 1, 11], "texture": "#0"},
				"up": {"uv": [0, 2, 1, 11], "texture": "#0"},
				"down": {"uv": [0, 2, 1, 11], "texture": "#0"}
			}
		},
		{
			"from": [0, -7, 0],
			"to": [16, -2, 12],
			"faces": {
				"north": {"uv": [0, 14, 2, 16], "texture": "#0"},
				"east": {"uv": [0, 12, 2, 14], "texture": "#0"},
				"south": {"uv": [0, 14, 2, 16], "texture": "#0"},
				"west": {"uv": [0, 14, 2, 16], "texture": "#0"},
				"up": {"uv": [0, 14, 2, 16], "texture": "#0"},
				"down": {"uv": [0, 14, 2, 16], "texture": "#0"}
			}
		},
		{
			"from": [6.5, 0.25, 12],
			"to": [15.5, 5.25, 30],
			"rotation": {"angle": -45, "axis": "z", "origin": [0, 0, 0]},
			"faces": {
				"north": {"uv": [0, 0, 0.25, 0.25], "texture": "#0"},
				"east": {"uv": [0, 0, 0.25, 0.25], "texture": "#0"},
				"south": {"uv": [0, 0, 0.25, 0.25], "texture": "#0"},
				"west": {"uv": [0, 0, 0.25, 0.25], "texture": "#0"},
				"up": {"uv": [0, 0, 0.25, 0.25], "texture": "#0"},
				"down": {"uv": [0, 0, 0.25, 0.25], "texture": "#0"}
			}
		},
		{
			"from": [15, -2, 0],
			"to": [16, 0, 32],
			"faces": {
				"north": {"uv": [0, 11, 15, 12], "texture": "#0"},
				"east": {"uv": [0, 11, 15, 12], "texture": "#0"},
				"south": {"uv": [0, 11, 15, 12], "texture": "#0"},
				"west": {"uv": [0, 11, 15, 12], "texture": "#0"},
				"up": {"uv": [0, 11, 15, 12], "texture": "#0"},
				"down": {"uv": [0, 11, 15, 12], "texture": "#0"}
			}
		},
		{
			"from": [0, -2, 0],
			"to": [9, 0, 32],
			"faces": {
				"north": {"uv": [0, 11, 15, 12], "texture": "#0"},
				"east": {"uv": [0, 11, 15, 12], "texture": "#0"},
				"south": {"uv": [0, 11, 15, 12], "texture": "#0"},
				"west": {"uv": [0, 11, 15, 12], "texture": "#0"},
				"up": {"uv": [0, 11, 15, 12], "texture": "#0"},
				"down": {"uv": [0, 11, 15, 12], "texture": "#0"}
			}
		},
		{
			"from": [1, 13, 12],
			"to": [9, 15, 30],
			"faces": {
				"north": {"uv": [0, 0, 1, 1], "texture": "#0"},
				"east": {"uv": [0, 0, 1, 1], "texture": "#0"},
				"south": {"uv": [0, 0, 1, 1], "texture": "#0"},
				"west": {"uv": [0, 0, 1, 1], "texture": "#0"},
				"up": {"uv": [0, 0, 1, 1], "texture": "#0"},
				"down": {"uv": [0, 0, 1, 1], "texture": "#0"}
			}
		},
		{
			"from": [1, 1, 12],
			"to": [9, 3, 30],
			"faces": {
				"north": {"uv": [0, 0, 1, 1], "texture": "#0"},
				"east": {"uv": [0, 0, 1, 1], "texture": "#0"},
				"south": {"uv": [0, 0, 1, 1], "texture": "#0"},
				"west": {"uv": [0, 0, 1, 1], "texture": "#0"},
				"up": {"uv": [0, 0, 1, 1], "texture": "#0"},
				"down": {"uv": [0, 0, 1, 1], "texture": "#0"}
			}
		},
		{
			"from": [1, 15, 14],
			"to": [7, 23, 20],
			"faces": {
				"north": {"uv": [3.0625, 0, 6.0625, 4], "texture": "#2"},
				"east": {"uv": [0, 0, 3, 4], "texture": "#2"},
				"south": {"uv": [9.25, 0, 12.25, 4], "texture": "#2"},
				"west": {"uv": [6.125, 0, 9.125, 4], "texture": "#2"},
				"up": {"uv": [0, 4.03125, 3, 7.03125], "texture": "#2"},
				"down": {"uv": [0, 4.03125, 3, 7.03125], "texture": "#2"}
			}
		},
		{
			"from": [1, 3, 15],
			"to": [7, 11, 21],
			"rotation": {"angle": 45, "axis": "y", "origin": [3, 8, 17]},
			"faces": {
				"north": {"uv": [3.0625, 0, 6.0625, 4], "texture": "#2"},
				"east": {"uv": [0, 0, 3, 4], "texture": "#2"},
				"south": {"uv": [9.25, 0, 12.25, 4], "texture": "#2"},
				"west": {"uv": [6.125, 0, 9.125, 4], "texture": "#2"},
				"up": {"uv": [0, 4.03125, 3, 7.03125], "texture": "#2"},
				"down": {"uv": [0, 4.03125, 3, 7.03125], "texture": "#2"}
			}
		},
		{
			"from": [1, 15, 22],
			"to": [7, 23, 28],
			"faces": {
				"north": {"uv": [3.0625, 0, 6.0625, 4], "texture": "#2"},
				"east": {"uv": [0, 0, 3, 4], "texture": "#2"},
				"south": {"uv": [9.25, 0, 12.25, 4], "texture": "#2"},
				"west": {"uv": [6.125, 0, 9.125, 4], "texture": "#2"},
				"up": {"uv": [0, 4.03125, 3, 7.03125], "texture": "#2"},
				"down": {"uv": [0, 4.03125, 3, 7.03125], "texture": "#2"}
			}
		},
		{
			"from": [1, 3, 22],
			"to": [7, 11, 28],
			"rotation": {"angle": 22.5, "axis": "y", "origin": [3, 7, 25]},
			"faces": {
				"north": {"uv": [9.25, 0, 12.25, 4], "texture": "#2"},
				"east": {"uv": [6.125, 0, 9.125, 4], "texture": "#2"},
				"south": {"uv": [3.0625, 0, 6.0625, 4], "texture": "#2"},
				"west": {"uv": [0, 0, 3, 4], "texture": "#2"},
				"up": {"uv": [0, 4.03125, 3, 7.03125], "rotation": 180, "texture": "#2"},
				"down": {"uv": [0, 4.03125, 3, 7.03125], "rotation": 180, "texture": "#2"}
			}
		},
		{
			"from": [16, 5, 0],
			"to": [17, 13, 12],
			"faces": {
				"north": {"uv": [0, 4.5, 0.5, 8.5], "texture": "#1"},
				"east": {"uv": [0, 4.5, 6, 8.5], "texture": "#1"},
				"south": {"uv": [0, 4.5, 0.5, 8.5], "texture": "#1"},
				"west": {"uv": [0, 4.5, 6, 8.5], "texture": "#1"},
				"up": {"uv": [0, 4.5, 0.5, 8.5], "texture": "#1"},
				"down": {"uv": [0, 4.5, 0.5, 8.5], "texture": "#1"}
			}
		},
		{
			"from": [15.25, 29, 12],
			"to": [15.75, 30, 30],
			"faces": {
				"north": {"uv": [0, 4.5, 6, 5], "texture": "#1"},
				"east": {"uv": [0, 4.5, 6, 5], "texture": "#1"},
				"south": {"uv": [0, 4.5, 6, 5], "texture": "#1"},
				"west": {"uv": [0, 4.5, 6, 5], "texture": "#1"},
				"up": {"uv": [0, 4.5, 6, 5], "texture": "#1"},
				"down": {"uv": [0, 4.5, 6, 5], "texture": "#1"}
			}
		},
		{
			"from": [15.25, 1, 12],
			"to": [15.75, 29, 13],
			"faces": {
				"north": {"uv": [0, 4.5, 6, 5], "texture": "#1"},
				"east": {"uv": [0, 4.5, 6, 5], "texture": "#1"},
				"south": {"uv": [0, 4.5, 6, 5], "texture": "#1"},
				"west": {"uv": [0, 4.5, 6, 5], "texture": "#1"},
				"up": {"uv": [0, 4.5, 6, 5], "texture": "#1"},
				"down": {"uv": [0, 4.5, 6, 5], "texture": "#1"}
			}
		},
		{
			"from": [15.25, 1, 29],
			"to": [15.75, 29, 30],
			"faces": {
				"north": {"uv": [0, 4.5, 6, 5], "texture": "#1"},
				"east": {"uv": [0, 4.5, 6, 5], "texture": "#1"},
				"south": {"uv": [0, 4.5, 6, 5], "texture": "#1"},
				"west": {"uv": [0, 4.5, 6, 5], "texture": "#1"},
				"up": {"uv": [0, 4.5, 6, 5], "texture": "#1"},
				"down": {"uv": [0, 4.5, 6, 5], "texture": "#1"}
			}
		},
		{
			"from": [15.25, 0, 12],
			"to": [15.75, 1, 30],
			"faces": {
				"north": {"uv": [0, 4.5, 6, 5], "texture": "#1"},
				"east": {"uv": [0, 4.5, 6, 5], "texture": "#1"},
				"south": {"uv": [0, 4.5, 6, 5], "texture": "#1"},
				"west": {"uv": [0, 4.5, 6, 5], "texture": "#1"},
				"up": {"uv": [0, 4.5, 6, 5], "texture": "#1"},
				"down": {"uv": [0, 4.5, 6, 5], "texture": "#1"}
			}
		},
		{
			"from": [1, 25, 12],
			"to": [14, 30, 30],
			"faces": {
				"north": {"uv": [0, 2, 2, 5], "texture": "#0"},
				"east": {"uv": [0, 0, 14.5, 3.5], "texture": "#1"},
				"south": {"uv": [0, 2, 2, 5], "texture": "#0"},
				"west": {"uv": [0, 2, 2, 5], "texture": "#0"},
				"up": {"uv": [0, 2, 2, 5], "texture": "#0"},
				"down": {"uv": [0, 4, 2, 5], "texture": "#0"}
			}
		},
		{
			"from": [0, 0, 12],
			"to": [1, 30, 30],
			"faces": {
				"north": {"uv": [0, 0, 1, 1], "texture": "#0"},
				"east": {"uv": [0, 0, 1, 1], "texture": "#0"},
				"south": {"uv": [0, 0, 1, 1], "texture": "#0"},
				"west": {"uv": [0, 0, 1, 1], "texture": "#0"},
				"up": {"uv": [0, 0, 1, 1], "texture": "#0"},
				"down": {"uv": [0, 0, 1, 1], "texture": "#0"}
			}
		},
		{
			"from": [9, -2, 0],
			"to": [15, 0, 12],
			"faces": {
				"north": {"uv": [0, 11, 15, 12], "texture": "#0"},
				"east": {"uv": [0, 11, 15, 12], "texture": "#0"},
				"south": {"uv": [0, 11, 15, 12], "texture": "#0"},
				"west": {"uv": [0, 11, 15, 12], "texture": "#0"},
				"up": {"uv": [0, 11, 15, 12], "texture": "#0"},
				"down": {"uv": [0, 11, 15, 12], "texture": "#0"}
			}
		},
		{
			"from": [9, -2, 31],
			"to": [15, 0, 32],
			"faces": {
				"north": {"uv": [0, 11, 15, 12], "texture": "#0"},
				"east": {"uv": [0, 11, 15, 12], "texture": "#0"},
				"south": {"uv": [0, 11, 15, 12], "texture": "#0"},
				"west": {"uv": [0, 11, 15, 12], "texture": "#0"},
				"up": {"uv": [0, 11, 15, 12], "texture": "#0"},
				"down": {"uv": [0, 11, 15, 12], "texture": "#0"}
			}
		}
	],
	"display": {
		"firstperson_righthand": {
			"rotation": [0, -180, 0],
			"translation": [0, 1.5, 0],
			"scale": [0.05, 0.05, 0.05]
		}
	}
}