{
	"credit": "Made with Blockbench",
	"textures": {
		"0": "block/noxcola",
		"particle": "block/noxcola"
	},
	"elements": [
		{
			"from": [5, 0, 5],
			"to": [11, 7.9, 11],
			"faces": {
				"north": {"uv": [0, 0.0625, 3, 4], "texture": "#0"},
				"east": {"uv": [9.25, 0.0625, 12.25, 4], "texture": "#0"},
				"south": {"uv": [6.125, 0.0625, 9.125, 4], "texture": "#0"},
				"west": {"uv": [3.0625, 0.0625, 6.0625, 4], "texture": "#0"},
				"up": {"uv": [0, 4.0625, 3, 7.0625], "texture": "#0"},
				"down": {"uv": [0, 4.0625, 3, 7.0625], "texture": "#0"}
			}
		},
		{
			"from": [5, 7.9, 5],
			"to": [11, 8, 6],
			"faces": {
				"north": {"uv": [0, 0, 3, 0.0625], "texture": "#0"},
				"east": {"uv": [0.9375, 5.21875, 2.03125, 6.15625], "texture": "#0"},
				"south": {"uv": [0.96875, 6.5, 2.21875, 6.53125], "texture": "#0"},
				"west": {"uv": [0.9375, 5.21875, 2.03125, 6.15625], "texture": "#0"},
				"up": {"uv": [0.9375, 5.21875, 2.03125, 6.15625], "texture": "#0"},
				"down": {"uv": [0.9375, 5.21875, 2.03125, 6.15625], "texture": "#0"}
			}
		},
		{
			"from": [5, 7.9, 6],
			"to": [6, 8, 10],
			"faces": {
				"north": {"uv": [0.9375, 5.21875, 2.03125, 6.15625], "texture": "#0"},
				"east": {"uv": [0.96875, 6.5, 2.21875, 6.53125], "texture": "#0"},
				"south": {"uv": [0.9375, 5.21875, 2.03125, 6.15625], "texture": "#0"},
				"west": {"uv": [0.9375, 5.21875, 2.03125, 6.15625], "texture": "#0"},
				"up": {"uv": [0.9375, 5.21875, 2.03125, 6.15625], "texture": "#0"},
				"down": {"uv": [0.9375, 5.21875, 2.03125, 6.15625], "texture": "#0"}
			}
		},
		{
			"from": [10, 7.9, 6],
			"to": [11, 8, 10],
			"faces": {
				"north": {"uv": [0.9375, 5.21875, 2.03125, 6.15625], "texture": "#0"},
				"east": {"uv": [0.9375, 5.21875, 2.03125, 6.15625], "texture": "#0"},
				"south": {"uv": [0.9375, 5.21875, 2.03125, 6.15625], "texture": "#0"},
				"west": {"uv": [0.96875, 6.5, 2.21875, 6.53125], "texture": "#0"},
				"up": {"uv": [0.9375, 5.21875, 2.03125, 6.15625], "texture": "#0"},
				"down": {"uv": [0.9375, 5.21875, 2.03125, 6.15625], "texture": "#0"}
			}
		},
		{
			"from": [5, 7.9, 10],
			"to": [11, 8, 11],
			"faces": {
				"north": {"uv": [0.96875, 6.5, 2.21875, 6.53125], "texture": "#0"},
				"east": {"uv": [0.9375, 5.21875, 2.03125, 6.15625], "texture": "#0"},
				"south": {"uv": [0.9375, 5.21875, 2.03125, 6.15625], "texture": "#0"},
				"west": {"uv": [0.9375, 5.21875, 2.03125, 6.15625], "texture": "#0"},
				"up": {"uv": [0.9375, 5.21875, 2.03125, 6.15625], "texture": "#0"},
				"down": {"uv": [0.9375, 5.21875, 2.03125, 6.15625], "texture": "#0"}
			}
		}
	],
	"display": {
		"thirdperson_righthand": {
			"rotation": [66, 90, 0],
			"translation": [0, 2.25, 1.25],
			"scale": [0.57, 0.57, 0.57]
		},
		"thirdperson_lefthand": {
			"rotation": [66, 90, 0],
			"translation": [0, 2.25, 1.25],
			"scale": [0.57, 0.57, 0.57]
		},
		"firstperson_righthand": {
			"rotation": [-2, 168, 0],
			"translation": [1.5, 7, -2.25]
		},
		"firstperson_lefthand": {
			"rotation": [-2, 168, 0],
			"translation": [1.5, 7, -2.25]
		},
		"ground": {
			"translation": [0, 2, 0],
			"scale": [0.7, 0.7, 0.7]
		},
		"gui": {
			"rotation": [9, 148, 2],
			"translation": [0.25, 5.5, 0],
			"scale": [1.45, 1.45, 1.45]
		}
	}
}